income,age_score,usage_score,tenure_score,support_score,engagement,risk_score,loyalty_score,target
1.7289953408857035,1.359220600295612,0.2552134168558746,1.3506251209526567,0.012053180601825543,0.20279727689777938,-1.093471370461983,0.39699130449884,0
1.260385928424417,-0.5026521168344644,0.9488028881834031,0.42027043614319154,1.39756116664464,1.7942133285134094,-0.688554560908534,0.848787309801083,1
0.044212378104198057,-0.20291398479554773,-1.0824271973882869,-0.15105187760692926,-0.7460982566525134,-1.2503155389231464,0.5112218145475347,0.39126465993323495,0
-1.786707511368078,-0.12268463749512722,0.9957013858999235,1.0592237388963208,1.0258368428852387,0.0389132069014598,-0.8450453279691511,-1.0836988273580606,0
1.5446049047503574,1.179280034365163,2.2873311116050656,1.5999796503420836,-0.5322286565311721,-0.3442058788608694,-1.019106597010898,0.8172311948105246,1
-0.2020832453894041,-0.5778941080776558,0.2528848149698989,-0.5039577414106104,-0.628066083725374,0.31145283430343956,-0.4019925801292048,0.24410438897835213,0
0.2732040228521227,-1.1394290010915746,-0.4812411238654122,1.4377769399164624,-1.1620795127342871,-2.116654448970531,-1.8618451532425115,0.029109946576669203,0
0.03091727803269891,-0.11761085542512094,1.2141898289285016,-2.672834433102938,0.3959338744308236,1.5614382018035733,-1.127780764891714,-0.3798065117898951,0
0.44710808277137903,-0.09434604607752872,0.67373799497696,1.9274852836845047,1.4373866754875202,0.5640607749598523,1.2050602140644702,0.6355764769846248,1
1.753691026701081,-0.09329864965349177,0.1310578260461443,0.36547447264283456,3.1788536793675353,0.8512855748447891,-0.7072645299514636,0.9689978702758579,0
0.8381674629156585,0.3102498170987909,1.9086013598921112,0.5310855877711528,-0.12142408548819394,0.9139852218652925,-0.36341687339456524,1.0249658974361493,1
-1.9369669327054153,0.6665726686095336,-0.9820194198303006,-1.4422991355594112,-0.05841124385868244,0.08398100331445427,-0.6935061645722808,0.8310318576679744,0
-1.342175166370907,-0.40694374877255896,-0.5848741349330007,-0.04658727033933937,0.2788642846472388,-1.0078929496235447,0.7242826774562282,0.06300236833469973,0
-1.8919462533119105,-1.958591440397031,-0.012319292929311235,-0.2209673177863541,-0.1034201135746335,-0.02798245653021798,0.22555983951018072,0.9476496098482997,0
0.08889509908244175,-0.37197159290079473,-0.09332385788738251,0.7889166671687069,0.8449473786464455,0.46866056176048954,-3.2016998441596547,-1.1039928626103754,1
0.36696327720398836,0.24227111250478528,0.5916113727452736,0.5385811229809171,-0.7117463308224472,1.949339610543407,-1.3760173056813687,-0.26231795947554304,1
0.4788755385204616,-1.5356420699261193,0.3896917053200022,0.10255318372626686,-0.1474424899181674,1.5882761071492624,-0.6222074452947179,2.0602981705240784,0
0.9745685507719006,-0.4770164449702281,1.0699195809948252,-0.5762452003187681,-1.1517558478135004,1.2970333000154912,-0.14441791134987514,-0.022167700254258182,1
0.9874051450464006,1.157507758021134,1.436301756563291,0.5294134071257222,1.3634287120856987,-1.8807984279740577,-0.31790654862846257,-0.8670052563234263,0
0.11922586112739209,-0.5714492191967373,-0.16615784194973238,1.8821748802040494,-0.1697197964203783,0.4137923171902139,-0.2322693299242352,0.07571328795683367,0
0.006016680436071459,0.4483240659731595,1.165307535547177,1.6473939976033294,0.30962008190916684,0.5895468860356021,-1.150864509185567,-0.08787674241562057,0
2.140289464883589,1.6659686384171533,1.2116097327950501,1.3863939595679524,0.09076670899381883,2.1003062582593217,-0.41064084304288884,0.24430168442896533,1
0.33584125693302364,-2.9305943758527757,0.38288573638504947,-3.6484128252147836,-1.723463407405418,0.45176860094098414,0.47752933726679525,-1.1624287801399305,0
-0.7121020418789388,1.370540988614132,-0.48403013157267616,2.242920312402985,-0.001919853176346149,0.4080361768812668,1.6168743984986076,0.13102711619341956,0
-1.0023439806908012,-0.10972745169429012,-0.03561073619009093,-1.3647416522015654,-0.25583207134082336,-0.7421920939974367,0.9243577571874341,0.03461187418525562,0
0.9172042508524298,0.6938180693774237,1.2231220184061662,1.1168141996897798,-1.3997122286693813,-0.14158763262127183,0.40467921540253005,0.1876631277952694,1
-1.416842092596874,0.44381270938310463,0.4633698060326869,-1.5307152572567064,0.2294817154636063,0.7355830924283736,0.37438645170626306,0.6319814837613953,0
-0.2042690980907491,1.1310401549961957,0.6973802405295535,0.017209841275355187,0.4705556094197265,2.37927451067423,1.094370054600359,1.914807871505905,1
1.0902658183698162,1.152720163026343,1.7668228717842438,0.621177949299462,-0.26923581208845565,1.723753131876182,-0.7592826460259322,-0.1292869363736615,1
-0.4144730658358585,0.6339103777337424,0.002993291199955732,0.34020997686833787,0.6700792422021898,-0.3748414628976096,0.7562481636298061,0.37884260345839443,0
-1.2348130869114786,1.4423047911862443,-0.5007447437569161,-1.6550953431851838,-1.0450437095863023,-1.021045160678322,0.05217331865753347,-0.2738505055462372,0
-0.33683196764059287,0.6197019654824789,0.3398753611927038,0.31604787064428624,0.40982845732869266,0.6161346680022383,-2.107953341777443,-0.3644382522644612,0
-0.980210064489474,0.8360599267977955,0.9953670277756547,1.5455322747896802,0.7876343927211208,1.1027750482523673,-1.2003610773968998,1.0851611125457379,1
0.6720823626756864,0.7986073485566512,1.9861363169607678,-0.05777134598942357,0.4056786392425009,1.5774013686923025,-1.6547918171308216,1.5738941282174008,1
0.6985663453715051,0.10192588737265744,-0.7623234580276522,-0.85920601857557,-0.5376625769030224,0.54259446329196,-0.9556251674013979,0.4375122486198699,0
-0.04175552887839262,0.595931415561151,1.1096477545740087,2.9451301450589167,-1.7773156555203675,2.3720145664901335,-0.5501575860127199,1.011171918015963,1
1.3183479133882046,1.2447268181952331,0.8463148956379822,1.9540501814574582,-0.8564711442247224,2.032234572179248,-1.3443671202130227,0.539748153598713,1
-1.0719625522902192,0.4550237203475199,1.4451259569265338,-0.07735617982085408,-0.19688569870390954,-1.1146169630679268,-0.2292926535523081,-1.5927942597215277,0
0.2871220132811727,1.0267860461091354,2.319013197741396,3.309210861229503,-0.9865850850709007,2.33530015664544,-0.4562475195983521,0.4487523532536241,1
0.4325944517261522,0.06191648367995918,0.11039572561221853,-0.4083331628266692,-1.3981096597988507,-1.5436252025220816,0.653244883281227,-0.2767000900857134,0
0.6039111003438333,0.8085056267231536,1.7949322529156275,0.6803639430263981,-1.0560549366409675,2.1262929556489496,0.879185502981632,1.0945566553228532,1
0.9736635113440901,1.241959996813811,1.1300993164045137,0.6140991771126236,0.5983470470748828,0.5196605733465026,-1.0973376745470436,0.7007231568595857,0
-1.355813971126554,-0.7945994551250549,1.3035650678080875,0.8402201626941975,1.4873982896858626,-0.27167438368729224,-1.1522488412767675,-0.24043719707034283,0
1.302031297240574,0.8789887163400097,2.133680478756702,0.13872957499655447,-0.04796552819707578,-0.08862714943460603,-0.24968272195618696,0.6031085501856367,1
-0.7498133382845175,-0.2358293621748528,-0.18417574651522164,-0.2701551293370962,1.7713412422676835,-0.09844600230787963,-0.24389611017733773,-2.0974509576101417,0
-0.8942073519794773,-0.26307342445635284,-0.6858526761766428,1.381707593377797,-0.16493777539621862,1.2884442493182524,0.061704634050368024,0.037227836421576635,0
1.111203552287499,0.8037962516214592,2.718795003049859,-1.8196107267512183,-2.4015457444386787,0.35682916894388617,-0.685472118062431,1.2901044247640123,1
1.673087198027475,0.41575408711942985,2.0190436932417626,1.530195403152731,-0.2159421687284345,1.8626575724868413,-0.42735473656787115,0.038516973217116335,1
0.6978168390000047,0.11061312257867771,0.001339846754486929,1.4729535721895743,-2.4508721285400865,-1.4176841701595697,-1.18707042637437,-0.3632606475688056,0
0.9453918302339699,-0.7073256477730474,0.014841967689173674,-0.3608416785235702,2.057424092075892,2.7017419477471467,-1.1117494176846492,0.23641670969320105,1
0.05079600281170582,-1.1081304132252667,0.883119813591476,-0.4978519832440257,-0.4848505316620098,-0.7002058490434774,-1.4619744583102579,0.7486270953028309,1
1.5662095977839374,1.2174719587420146,-0.3204889841570373,1.3546857301355617,-1.2002116966018503,1.5328579146073065,-0.7106386766181931,-0.7763874990779479,1
-0.31619770458118795,0.3653637420637676,0.612965380474599,-0.14098789744441861,1.5317788906010528,1.007510770986559,-0.25665411639975283,0.7501218121369445,0
1.9337934851881868,1.960484600783027,-1.2279998808224974,-0.9265331111571506,1.484918786733851,-1.0582810508376372,-1.322541133291679,-0.4861941306990469,0
0.42022670947458574,-0.10239670661109637,-0.6505636204055921,-0.674212461724509,-0.7123370644127087,-0.8795096286589426,2.2816328772760617,0.2975110711855549,0
0.8867590544047386,-0.4890774681189237,-0.18595667718604886,-0.713553981370355,-2.651708334919202,-1.3780092768478662,-1.8106186799803947,-2.2497837779516074,0
-1.1953589742981028,1.3249556793816308,-0.04443616770435442,1.290563762321174,0.4109825769008753,0.7825588257151592,-0.9008969953045751,0.5239509541926708,0
0.7287142340743459,-0.5766472922336929,0.5595403706161663,0.5661877585748329,-0.5495526211300829,-1.122768432270995,-1.1841283318982723,0.08650554192146179,0
1.5270098687893148,0.007474169542085574,1.0265853413260986,1.0705370361384854,0.21819071466530082,2.4518801201224885,0.5769808321980434,-0.4012914327565441,1
2.8835862095380227,0.2690234954442853,2.0448728124544275,0.5679866260510888,-0.8121493784569676,-0.9076968597749328,-0.8715645102163482,-0.959383235305609,1
0.9672992358427723,1.516792657139248,-0.7969109892966902,0.30197074251927114,-0.7253915220079754,-0.6284847301367896,0.7744947038653713,-0.03853826184341251,0
1.7396480419310116,-0.482232478702921,0.9993363324744892,0.09741341295778198,0.7957780097442332,-0.4471576573299467,-0.04955883755158271,-0.11549887929893475,0
-0.8360571148457872,0.6620815345817527,0.6502490055783642,0.5935546949055667,1.5369656539176446,1.4493448012363035,-0.37494468984913537,0.37305231843417824,0
-0.6236006892582127,0.023355316114555456,-0.5997494491188647,1.620070309136051,0.3636981503429628,-0.21802912810442213,1.193618571856377,-2.1706154097954116,0
-2.0141025948652898,0.7958386552197739,0.06046844811736806,0.25044630026076065,-1.3263961033185487,-0.023233710850366202,2.003509410401342,0.8241996197958629,0
0.1697065451428121,-0.43905391010493766,-0.39457285186939384,-2.1291978892000176,0.2576404209211606,0.8454831084818539,-1.5756193271706151,-0.661416892306816,0
-1.157464632233422,-0.9653511948087635,0.05348162682190022,-2.0844021549884744,0.614270438357064,0.7538550699336822,-0.2511025880369125,-2.4807085099845416,0
0.20358137399761034,2.0329019341026964,-1.7779942807285725,0.15247658780648077,-1.5800007784672592,1.7045703015848366,-1.3751139521434612,1.0039540207356115,1
1.765460419169093,2.6362258397300202,0.7970580563246298,0.8760443696226113,-1.8850554791274359,2.090413563293744,-1.4605088480713646,0.03924583591225439,1
1.1777522051507892,-0.7628843453398495,1.228770028928938,1.4674662729250108,-0.10706617650270844,-0.688897564178725,-0.8238092943296595,1.3420289029794907,1
-0.6779887659659078,-0.2747660138177139,1.87654360408152,0.7700954341972865,0.01197158212675381,2.7594948076233115,-0.23144722149379737,1.2578880104331793,1
3.9107455272183262,0.5861954419095093,0.20211723638150492,0.9277963982471327,0.03899102938889487,0.3732846080537918,-1.7323970195548475,2.909844422090078,1
0.3268434703880229,-0.7322853814020757,0.9159303022795986,-0.1091451515613345,-0.25288144631783127,0.5622728719144933,-1.29188226823169,0.3526272039171724,0
3.112954807731752,1.2661776621973109,0.6237878962165355,-0.007105280428241989,-0.8103399733451093,0.646037321952219,-1.077806532758272,1.5163114410745666,1
-0.5332091032089832,1.662000050412134,0.6203134748574388,0.8769477856953722,-1.5269879102008637,2.2286310668494362,0.5456349601718731,1.5595905257500737,1
-0.3147547757935394,1.6291210710660529,1.4048550876357089,-1.1052712471325676,-0.4242973837708155,1.2645344890332626,-0.14392472617684915,0.7772613669488557,1
1.4912314168473797,2.2736113922530956,2.22603390991068,-2.3670549537827434,-0.717438554837682,0.7353489724560487,-2.452098572726971,0.6941830582323122,1
1.2487577724105066,-1.0865678595905903,0.3364009386898723,-0.9158234772964378,-0.6719120236796768,1.477393634170035,-0.542557820111825,0.46221248901062467,0
-1.871218116060987,1.8623175613948801,0.602652446306499,-0.18249984265026167,0.5755465099998948,-1.4098194289478103,1.1825307417526572,-0.3239847754964302,0
-0.2040695150484347,-0.49165561496548443,-0.5806514027455847,0.6946706116284086,0.25590685010422287,0.6517481414030399,-0.008794689485571452,0.513199811077181,0
-0.41884874392503835,2.2297318414095484,-1.5679304164304986,1.2609373235629844,1.3679074507209708,-0.8521588059655938,2.2292736105559734,0.9954902829453182,0
2.1711390068229113,0.8280221870258767,0.7827738417813236,0.2905911729603919,-0.009469403680482824,2.301186275033896,-0.5186857821385804,-0.31144362313729035,1
0.8244270623849798,0.9211507463947922,0.6546595284477861,0.7454989065249826,-0.2709281301578081,-0.9289891671305796,-0.8681934306407798,-1.635463248457858,0
1.4369486115459498,0.7165512167734064,0.5600122954702913,-2.45561882434507,-1.647317469694169,2.0208406514031667,-1.364626000063131,0.9605916776568414,1
-0.19068542997525628,2.238705482359231,0.8559723399453236,0.7900403964835352,1.925779791881685,2.4164401005894036,-1.0065656212870577,0.006779815129640765,1
0.8744549884804682,1.3098982484765358,0.8947758657491289,0.10475585499652834,1.0671812507090421,0.7857901082221631,1.5995890930373193,0.690742563752173,1
1.7853183942247275,0.3573194227106268,0.9629605732494478,-0.7246110515177244,-0.8537592225874118,0.4597059550149875,0.9885532424653152,0.040256502000462865,0
-1.2863933350836971,-1.360258366289327,-1.4271364021862412,-1.767622112939381,0.10948535944708751,1.1250439217080253,-0.013415786924808768,-2.2604147573378524,0
1.0092395396654512,0.6372010033673929,3.0959987502254394,-0.9571379129195563,-0.7906776025991957,2.6058526805445643,-0.2500216586534519,1.1633130735164245,1
0.11458443702387822,0.32994353865726456,0.777609530278536,-0.8094863188927663,0.8780585789081998,-1.3730030168855392,0.3283679728315381,0.17874096328632716,0
0.583706911807892,0.7773147246743533,0.37745984733444693,-0.5717013268617444,-0.7536147416136444,-0.20398863537166145,-0.37720253590675185,-0.5500854941523635,1
0.7119770229910514,-1.18147906792882,-0.5662949155810063,-0.624603408215179,1.3251467288748389,0.33028994561659186,-0.21173380254439425,0.4987194410697233,0
-0.9071923473296881,0.7568664103590926,2.9975141778047627,0.6323465064026725,-0.33208683083066454,1.448128379642196,0.1956052433143456,-1.3974666928898598,1
-0.4823264817910269,1.0102912910861466,0.2851234381024903,1.8120252622199142,-0.7151743898852239,-1.0345307357131177,-1.968013916843997,-2.1496760196305753,1
0.9658744627170874,0.6116158727356167,0.5755372902181022,1.5788790390297387,0.7985198365166936,0.7296115766438889,-2.8346936674768557,1.2172815804922585,1
0.5553602285085755,0.309391570156945,0.9814797493081158,-1.16482809646104,2.008755386185139,-0.959427753141868,0.7492229272008546,-1.6873476944133516,0
0.2697353127299491,2.316368646725336,0.7391001769991501,1.339922605132798,-0.16304461128075393,0.7950418439998274,0.6638503249326897,0.3633411753480996,1
-0.5807381075634706,-0.0032400919517050486,1.5511917287016943,0.8955091063625081,-1.9670582502354383,0.17565748059179898,-1.2817213492022466,0.23453040588577495,1
-0.17591358860155148,0.17162889188052144,0.27138951474047257,1.2715332597619193,0.40912131099024374,0.754189541911184,-1.0920397958707315,0.7399243120391134,1
-0.8165751074555749,-1.146832082167441,-0.9402212089257169,-0.6348131639714567,-1.163473799792271,0.16205955906287475,0.7297156737837084,-1.5870983007982418,0
0.02512871121603335,-0.21993579526633558,0.3415086855368029,-0.012938768103588062,-1.4535992799316308,-1.2623892988571654,0.029423575584972723,1.0287809197455093,0
-2.214187371043003,0.34572657980157995,1.1896220052876432,-0.1530258762062131,0.5502024960264408,-0.7030690808978022,-0.11936619927687682,-1.6209135183081516,0
-1.1443433084188739,1.7427658012252754,0.01500507227555814,0.04447215499656948,-1.7864422532701933,-0.5099697030838758,-0.8738377000946163,-0.1295771941356465,1
0.37797099799469847,0.4525384189795919,0.32084964632460716,0.2386007909284437,1.5777682049318862,-1.067593769044886,-0.05493486620291775,1.1326898205195888,0
1.2645398093380364,-1.4217636493445729,-0.3123554416558699,1.3581210958672605,0.5080791051990653,0.19526303147977275,-0.21768469343465674,-0.38380092570774543,0
0.2882190630903242,-0.25237412498448336,-0.04257862104444418,0.07859870611503737,-0.6780715284934992,0.5321293738814383,2.9142446484154196,-1.7769866393260751,0
1.5240125241899798,0.039809911381094465,1.57740257751925,0.5465574733278609,0.36185477404246347,2.0755065765087797,-0.5075788822318186,1.7320522884141782,1
-1.1442978937886774,2.390452297916023,1.37506215189234,1.5778433557451819,-1.6198757448415217,0.06923011839466431,-0.5540617058552259,0.582962110662537,1
1.4830685880099894,1.8845151609299662,-0.7652203153028492,1.4738190717173092,-0.39171809004207303,0.6962181388754523,-2.1711152343848905,1.103048668376865,1
-2.414107851031037,0.6483940112387127,-1.492105835472992,0.053457912617474034,-0.11916883732792043,1.1695381472938837,-0.17865516901389017,-0.6941385611456656,0
-0.506602695971203,1.2728827687546636,0.5362969691808936,-0.3856299815231613,-0.23644641996451343,-1.567177090585447,0.388474200851541,-1.7598157076954657,0
1.951796465835456,0.9286215924912659,3.3869517995739225,-0.6001355537243058,-0.502662091040633,2.698287700923063,0.4913896402914144,-0.09621205157989976,1
1.4239674283734476,0.8019993564150872,1.2819558673941571,-0.19868043598482976,-0.4893204027007345,-0.6980523752767137,-0.5648765481319179,1.050020673421832,1
-0.227419412643884,-1.6150508905847878,0.9885318628514624,0.3645250379928023,-0.7260150977009768,-0.28060044683806395,-1.5006694027818388,-1.0254101277779044,0
0.6621886536428605,2.0284208122801513,0.36049660911252435,1.1402136593287588,-0.9383162028615798,1.147947560851875,-0.8413955021438021,1.4730566000927434,1
-0.5348113382185579,-1.572528250002441,-1.3819490313636327,-0.5318774939427574,-1.2490599706780527,0.4102120156795513,-0.4657681648580778,2.3746065500264315,0
-1.737714595137132,0.20363317870980122,-1.127953023505669,-0.4934013403826786,0.14141947334054417,-2.325371374874287,0.23682611678802748,1.9029074622741677,0
-0.45343829836859284,0.2598078568055095,1.0249216931253993,-0.16395350002699655,-0.5809601885314832,-2.2757364037217522,0.6409907193949733,-0.11316840972889723,0
0.1873161486118382,0.9265967102776936,0.41631964319381864,-0.02842613111552561,0.20629115610870818,-0.4383824113238445,0.3473152860737585,-0.7976861631184037,1
-0.6627014083552638,1.9229461940665773,1.1273547616424222,0.09760399249544019,-0.9405302155012165,-0.5292723066998932,0.0732753145856964,0.03752323233959842,0
-0.09087092962596285,-0.03083251408418433,-0.2143751097051141,-1.4419787356400129,-0.5165107421608328,0.9146240539868465,-1.3683342975511175,-0.18955551153927852,0
-0.819753928770844,0.11135042939811132,-0.38863318106681816,1.477393664974669,0.5065831541902538,-1.3118031657772113,0.6712280116136986,-0.774651856262063,0
0.6230036286224664,1.1138190201071219,0.5082525802698652,1.3928558163229554,-1.1745100615133954,0.2810534474086368,-1.356370893548109,0.034361251644961066,1
2.2991915555478126,1.4287962936103031,2.709943954012071,2.7676442038992546,-1.43071703193234,0.9704191273272889,-1.876200316643433,-0.1776059277482671,1
0.5699174897443305,-0.2571548741382743,-0.05188727289841366,0.3557156214797451,-1.616718418386407,1.7421269591376327,-1.617753537417514,3.4095689700963923,1
-0.45138445096439517,0.07201764191705222,-1.2953411844660352,1.7060917581276394,1.1195006808029162,0.29691587073611253,-1.3468025487795656,0.21066687772462028,0
0.078568953982745,2.262355263473361,1.8091947318531727,0.5954390384877362,-2.8363756632473223,-0.08341597865903061,-0.012238868400127556,1.8128836917231559,1
2.3091698114921315,-0.7920130022414553,1.301552306812904,1.5155152164829295,-2.058335565582245,0.8920954846267637,-0.4261576016915437,0.29923541515326507,1
-0.6521618554012016,0.47430188992627137,0.672694569744976,0.35192759545224583,-0.9634714254250696,0.4569878467585327,-0.7397062823469779,1.042454604969711,1
-0.3044267628566672,-0.4096489283680019,0.09235403825445808,-1.9209159258951816,0.4770351272264581,-0.0005630971229588082,0.039693526597561826,0.960734307594464,0
-0.7528155300482482,-1.1738338698589637,1.2738038453235196,0.4928831448714842,-0.2298230568080678,0.43787292482755447,-0.035646325760068764,1.53263884299112,1
0.48398229395152703,-0.26082845840458313,-2.107689387614403,0.7692362080371281,1.2217286662175928,0.64455841198398,-0.8796424273675065,0.6737943936677578,0
0.8605297079614455,1.5588162477990857,-0.8761099242279576,-0.22645458454413847,0.7472720511434552,0.05741007143815779,-1.1173276020512748,0.414616285026703,0
1.7786616338151666,0.887962896331002,1.2195849271799442,0.24129409831426984,1.0782789357160594,-0.0006921837126765418,-1.2873207627637788,0.6109855135275256,1
0.8789540277008926,-1.4973731700945367,-1.3102967497654392,-2.037728507734718,0.03269522525327079,-1.1183058172065439,-0.3845501100179167,0.661378189891708,0
0.5584572792171534,1.0312820227433646,0.700662092248278,1.1721143150964368,0.07512806734800875,0.20806630382539004,-0.8686517534004525,1.6437433977204945,1
0.393376870254097,-1.3969620577511315,0.6556180611713827,-1.0846106224362382,1.412513069961006,1.024098839841025,0.2898854759184008,0.1572328434361934,0
-0.20903225602742,0.6785239514000281,-0.37077816946206166,0.23556987063989387,0.8719343665194511,-0.5618065435255897,-0.6161927399906946,-1.194365480724459,0
-1.0644727461261723,-1.8283953114415024,0.7298287890155296,1.8089145420827708,1.4253289434703056,-1.6260844886265164,0.7248546715562,1.4221063499235564,0
0.7431900192613359,0.9014474306500495,-1.0078930508046704,0.7667361679766416,-1.4635597294347176,1.0996350179115146,-2.2612029221888803,1.142858224477596,1
1.0245126754266898,-0.7831798617151676,-1.1369225814104345,-2.156023042549981,-0.26641353407517704,-0.5815939342816051,-1.5510194123480547,0.45301875631217164,0
-0.44997038186464916,-1.0757359586452324,-0.5545724056404471,1.0713045389296156,0.6029369437552222,-0.13002606149848983,0.6191050184648526,-1.160911956386739,0
0.03237010072703053,0.14732233048647056,-0.4698365084987269,0.43545833595741784,-0.7804334546444512,0.5098207077761179,0.5518587715312919,-2.917159880697066,0
1.1903057035101177,-3.047632565352754,-0.6160490255561253,1.025348034257755,-0.31728672525244067,-1.466185982469542,-1.0937370617166706,1.0269057463206197,0
-1.9215045305486382,1.1289911009620173,-0.05510209904228934,-1.1923953304424335,-0.5831150723026911,-1.0172243411016413,0.8662252008585286,0.7324278097628383,0
-0.5191611338760467,0.39640788148066597,0.13681433765572293,1.7935099684593703,-1.7500991181264212,2.504229104685014,-0.7332947395169376,-0.5619344063800876,1
0.5227258159907221,-0.0016188407684505357,-0.274618402015506,0.5948268597303756,-1.6279155506918435,-1.2803662087381888,-1.079676470848173,-1.2028561964178826,1
-0.7521608680675204,-0.9091028886033559,-0.8712160720258142,2.0009631015901537,0.05641156716957076,0.24537100899533215,-1.7763982963422946,-0.6539631336369219,0
1.415302629941512,-0.22452891291300636,1.9080628435179854,-0.7026965859010301,-0.6863661358651756,0.3139483600244414,-0.535679340618084,-0.04049007185542597,1
0.9291063729290626,0.5638699082220144,0.265612242608699,0.9850938684971127,-0.16161162516257474,0.8113860547468327,-1.130458333461958,1.396544030519997,1
-0.23583424381418136,-0.3066972878259372,0.10469002988812601,1.6965866829708507,-1.340356208021204,0.7698568930553547,-1.893171161238105,0.21727315822862395,0
1.5750828276087308,0.48866852446730713,0.1706250785397928,-0.5604494688030756,0.03104720048855424,-0.2520628154033563,-0.7859766079313554,-0.28987561547486984,0
1.3983811606264396,0.03278293146935973,0.19371817931531587,-0.8602434375921744,-0.009274973911103934,1.4453232619670604,-0.4683395557634825,1.5651704927286658,1
0.08786763708072752,0.3920109373657567,0.30383742563756283,-0.09154001941820787,-0.5308218281296473,2.214152615791911,-0.4519509798535085,-0.6658777111204364,0
1.634009823450107,1.0518544152950051,-0.40479154761032743,1.6226782545637386,-0.49419457535083333,-0.2109310952157205,0.48878411435387403,1.2256755715961538,1
-1.2645419919479142,1.7771828402577243,0.6587973683661927,-0.010196115625046132,1.5902188056217794,0.15929778382964058,-0.02808307510403198,-0.660300116021989,0
1.7818504393070786,1.27660296732398,1.0146801398897114,-0.28998635386760296,-0.2700701458339262,0.8302012142378621,-2.033474318734201,-0.8718123513241857,1
0.5651533788097695,-2.601888315051689,0.20541052696125997,-0.4780830577538245,1.3082466068799101,-0.49346820915387574,0.659484214251896,-0.3969138412377916,0
0.11374815348614345,0.7368365309200512,-0.46255571632458015,0.996554884498404,-0.9936978771064832,0.2945928425583791,0.9226397227878528,0.6600374917903349,0
1.9164448767354103,-0.7634393173106605,-1.379149251348588,-0.9943351084951194,0.660442566548437,0.4979229342693786,0.10225665964741577,-1.12295704910713,0
1.9668672933290607,-0.4247047776505404,2.1589495823769,3.357438423139865,-0.03354885342844954,1.4831081356577431,-1.1928597688955593,-1.2102133210868162,1
-0.6027193630302223,-1.0928952410987494,-1.4470045764150157,1.7223599419956492,0.272862518025773,0.37968758061398367,-0.30902236519624954,-0.17287108244343635,0
2.1645506822393332,0.7676628813047846,1.5306939380247329,0.30399570215498417,-0.7421528907320472,-0.506914165601862,-2.677749062367128,0.33843809893359816,1
1.2564966919932326,-0.48613003670879085,0.9655251349653671,0.553752562990502,-2.556008006059379,-0.015124659479501146,-0.29273610626453145,0.9870587293957438,1
-1.1536749163997606,0.15844805049973495,1.0224072253604721,0.7770729589908982,-0.09528578701393456,-0.4679763133242924,-0.6293444843345044,0.4678197829096571,0
1.395103973142888,1.4294040061022004,1.1318738131211519,1.3187639503474418,-0.3054074670422999,1.6846887161316864,0.17082277036663895,-0.20452663022481354,1
-1.808144046870746,1.5434928560145533,0.2566587307122617,-1.7144858954961215,-0.7138194972187111,0.7718742923698284,-0.279676831132893,-0.5120614193191271,0
1.4008818603129667,-1.0472871463838105,-0.7981533577548339,0.21138647504826755,0.39045493205388226,0.4963430343407315,0.9112380445689469,0.19857862068151685,0
1.689383938938409,0.5407907406849168,1.0626983032367143,0.6075341800536345,-0.18490186418096394,1.6725398075827607,-0.1448543180551689,0.644217002900183,1
-0.8091259849410398,0.06767125806270954,-0.028017784895743934,0.19318157981319836,2.206525307140402,-0.5237727785412354,0.42228901912535954,1.0684620672442982,0
1.2980019140993828,3.137845119172165,0.6219607082685232,0.8240892223200471,-1.198805744892982,0.5484752648567068,-0.45106608960334205,1.4463040623077297,1
0.3190948340235742,1.259114849334736,-0.09496531059267174,-0.33216852983900536,2.7039851072793866,0.39423764944203077,-0.7194815459785476,-0.6942637622480688,0
0.2573200854686595,1.7365693558567878,0.6356227071067582,0.6273624756564856,-0.4635086744382687,1.6314924079409345,-1.54674409288402,-0.4755722861430155,1
0.22429730718159427,0.600959284699897,0.33253231309764075,-0.8094537290973276,0.6774848420913938,-0.7438609270956342,-0.5215386447863833,-0.9439535247220022,0
2.501158348652031,1.4334215410273492,1.6049933756788732,1.7472114211424503,2.4126492482387234,-0.8092261039101555,-1.438376580877108,-0.016175084174523846,1
0.34918037761730714,-0.27758324760371256,0.7003469359446344,-0.7166037152894049,-0.06495763246258685,0.9516983214286147,-0.21897133523634466,1.1077284516382524,1
1.8030068534266763,0.4265910631761177,3.1211434026336673,0.7344311164820978,-2.262484752624795,-0.10237574576621744,-2.4405029890278156,0.6173346291513073,1
-0.12180522405333363,-0.4684256978994578,2.010926112400514,0.5489828740769108,0.7260983614463344,-0.9310734879421032,-0.9991448913310123,0.03680549909695475,0
0.17300713965222583,-1.856311567114457,-0.18030702284953407,0.014072082873504806,-0.21514916577112894,-0.8133904123466764,-0.53953518192114,-0.17685919357279603,0
0.09080002361004777,0.604791582550568,1.0808562049508712,-0.2943477235272498,-0.45615619611535785,0.43765567353430623,0.6108449164108543,-0.4342004332588856,0
0.7903934769661722,0.9795853411559731,1.291686465658673,1.7783209067198225,-0.8664161386594389,0.01389820933251119,0.011277696618660139,-0.0980735685325076,0
-0.6492629196101362,-1.4855620032310715,0.0926794460290038,-0.7683556595479125,0.085993480747625,-0.7940435416988534,-1.0996583458443414,0.2342983603768977,0
0.15092152680649595,0.579281971320933,2.1858637664176253,0.2772895312108468,0.4850817670641296,-1.0775613288673254,-1.2869074405363745,1.5828294467733337,0
0.2765202200666963,-0.24394407146864205,0.960901078783447,0.40980758662261163,-1.3025065064432917,0.5950267812869,0.5293757176501044,-0.20599360883179763,1
-1.3936724843661716,0.9425936208997923,0.4922969119380367,-0.6205186206486616,-1.582167016126918,-0.7446233564385631,-0.05470443684927131,1.165672089883819,0
-1.036581974869657,-0.08451988151147344,0.675144659894898,-2.3812673401219207,1.0337861679388998,-1.1824505722064373,0.3319954934569346,0.24668314961074406,0
2.284586391463845,1.3509243808935403,-1.377290491729981,-0.28477924715599134,-0.2617948706467199,0.705020113880213,-0.22238927024322952,1.3893665556697052,1
1.808451736429679,0.5857250574455348,-0.8463370111204804,0.04451875114518272,0.016368148138955152,-0.19044725255047756,-0.06872526987842364,1.5083932972673044,1
0.12686697629584257,-3.063779866312396,-1.2780883627118034,1.8861891585560817,-0.546537793028378,-1.984143223128996,1.2352473883102724,0.013355591543672855,0
2.304940488957725,1.0769586752193654,1.4585591362121688,0.8630092477145166,0.297488311921,3.1774304485560982,0.2710063359591881,-0.980339317845535,1
0.4466615152789034,1.1414807681032177,1.202700806536146,-0.42660498305909955,1.1649444451881277,0.9277423995512052,2.57251743696973,-0.7500017362485115,0
0.6925994235995747,0.49388095154004613,0.5097778499612247,-0.390020749763603,-3.162675505673743,0.4653005262768659,-0.3306419403000955,0.10677815449408928,1
3.13538118352911,0.8133758127158626,2.2910290551841355,0.7614204127299684,0.4264073098932579,1.1792415539335623,0.6687846319035629,0.6559393501324007,1
0.4961207080887857,0.3663329336500437,-0.2882854581273188,0.4049823189246768,2.234386246197682,-0.270396942095442,0.4194648928532483,1.2577789508694428,0
2.34025328094428,0.8117164177193653,-1.3833887029573617,1.0167028186484663,-2.6194742586230526,2.369937230941231,-0.5305261288067393,1.599674019871989,1
0.2978888618189488,-0.7525074733000543,1.2607543841411673,0.46639656004385804,-0.8915408261571658,0.9846612807327638,2.06743589203226,1.4345255473690577,1
1.049498605863319,0.8439368915533556,1.4794621438521929,-0.1900716729007449,-2.0547613076752937,-0.1885861330060098,0.8117357099965018,-0.9698003951150737,0
-0.17636595048933035,-0.6917697430023131,1.5020292518431304,0.7494570154065637,0.651540620643959,0.6216013131209713,-0.037249252552126945,0.1975562825275035,0
0.01481541946768239,-1.3864419787505675,1.150081130345024,0.8239902562721444,0.8092645684253775,2.4713358160823677,0.8699984849989468,-0.3980235932938778,1
0.8477349650502306,1.2803342958813797,3.5319046777421774,1.980099203713916,0.7193971619983802,0.5122120444507094,-1.5831996311551246,1.3889078833832396,1
-1.10066126423436,-0.23843635098030264,-0.11477794900192263,1.592912089122808,-0.35469730295967755,-2.4392496385726155,0.5044446476624683,-0.6990218531039264,0
0.042631024437746814,-0.08670470084212364,-0.2737039958177683,0.7903405817847039,-1.5328648783527072,-0.5170142249543602,0.6840379131173813,-0.6140847753443682,0
-1.6088067092699718,0.6685553432567358,1.123094630441539,-0.04499520764300634,-1.9608455984695325,0.7059697466988162,-1.659887881419688,0.3087992768481657,0
0.31253617525784017,-0.3598392857669652,0.5580899829203099,0.31670244357274013,-1.0442082503864483,1.4887032782151506,-1.1460693784588338,1.5801908716718218,1
1.4811731656434795,0.102442793403692,0.13406011616771407,-1.1474962990474387,-0.10926682213317762,0.5454124527486419,-3.0721955280635145,0.06428512723059987,1
0.29896597074504794,2.3756775921706605,-0.7027786118933097,-0.9413507997340538,0.7099696431056998,2.256763157463963,-1.4449829387256414,-0.032085822808910924,1
1.8162353965533127,-1.5270997969453102,-0.8611936845055561,0.21926659914928814,1.1498905661291259,0.46426991183326044,-0.5990632082648454,1.733789272564012,1
2.106884733278146,-0.5768484731483126,-0.016836723733426057,1.8220552213428425,-1.5221992751914284,1.0275810705538218,-1.0183155323612583,0.10247236710315673,0
0.9573809525997257,-0.15801160070122922,0.016898072341724912,0.7764143642537544,0.5955393281626821,0.7702637968114968,-0.6298868412667836,1.171174066291047,1
-0.9716187730129598,0.739692508412923,0.819343097059747,2.60362629875041,-0.3761041905595823,-0.4580818016681276,0.7689658715737455,0.8191041689121383,0
-0.535087153376712,-0.40316267693004887,0.5411308382180404,-0.8275842407346614,-0.4105339880150149,0.08959276736843465,0.9959386848222581,-0.6045986161795408,0
-1.842384462030672,-1.916597467518211,-1.2594130667061334,-1.3131677181999373,-0.15461075861990903,-1.188880153597605,-0.7027549598212041,-0.7740858849820498,0
0.7594921391520065,2.1225043315231225,1.6619475894305167,0.5161294152760039,-0.8610262805808382,0.46676734337697884,-0.37225353004805045,1.1841690733522903,1
-0.9076175061006004,0.03648075561423148,-2.031619568663027,0.21171378417059702,0.762149241958686,-0.2800686268808754,1.8165269961401054,-0.8812384474360504,0
0.21744041530326128,-0.035824746665955476,-0.10029766744340833,-0.11432216800474763,0.10710503000947168,0.8479587434636998,1.3777362362747443,-0.0022502445041573905,0
0.8153160721716332,-0.7017669462667825,0.765955452726233,-0.7619915238269903,1.0906599360881322,2.2106408773932396,-0.12208388797139179,-2.1925434908074086,0
0.651927066755177,2.0318751342893036,1.5530767870252449,0.7489135986750295,0.608668355954839,1.384453439248422,0.5177251874511364,1.5194236766469855,1
2.721700452736959,1.1587960839062543,1.9052594014939546,0.1928729269142146,-1.001460811559006,2.6067676404189735,-0.48379532367731193,1.404880565862379,1
0.12374001441139017,-0.5865156509199643,0.010982892582401323,1.4359940177677142,0.555240074279424,-1.711473159730459,-0.2152444565761547,1.782293792704712,0
0.9862031381500439,-1.0004786917341806,2.8930488854225436,1.1823925098127925,-0.4700128588128004,0.5285822639179314,0.3823519297917355,0.058016599773807465,1
2.3482564245159883,1.342195285724256,1.24468192548735,0.6455148053355954,-0.5749680367141782,1.9456401202092657,-1.5653428321018341,-1.0219251268302094,1
0.6144401228924746,0.6312383280671477,0.4802411525117667,0.4077283696180388,-0.32054037833754784,0.7874827043855253,-0.04555812675454088,-0.4871135608151781,0
-0.3118913122553999,2.020639698775832,-1.7349760820454327,0.49978810429579884,-1.6791104276237172,-0.10823333832297323,-0.4336274851541877,-2.085028296679878,0
0.389037590433763,-0.3800380621921959,-2.099206342561244,0.8395680907742521,1.435006177988935,1.490124342296572,0.35895644065147114,0.04605813857711549,0
2.528156620895797,2.4823835853400986,2.1335687028756247,-0.4415376022298011,-0.19865514678507812,1.3395161442914287,-2.5096169689172294,1.069360659620774,1
2.272991825979389,0.6399361658007914,1.4734130814417563,0.18291473012870507,-0.07321832398382148,0.3812713900809755,-0.8158266479844326,-0.9637751872343886,0
2.466304557169366,2.1723423428665183,0.008893684412649594,1.4679988045538646,-0.48695997560602095,1.2398085744904306,-0.23978136056493654,1.5943504681243184,1
0.08271820186318887,1.410161995301936,0.30941283975992473,0.6241842724695326,-0.8332625915372465,2.158659010704834,0.4698249232049664,0.7129974253450992,0
-1.6081858112115415,-0.822702023079101,1.2378836879187305,0.2868911182926047,-1.913779734828926,1.038289928983819,-0.5437828043527234,1.411316985876712,0
1.1121643213963004,1.00470668602053,2.1789545785916484,-0.3974929708546623,-1.3928468078339398,0.7035015796018926,0.1271727996212222,-0.7308772526134907,1
-0.4680345998890967,1.6237209270437925,0.39702168743299626,0.10777398707971692,-2.256810401940166,0.2210206856480179,-0.7075672966311506,1.5303778576228921,1
0.42876983376536115,2.457376120232497,0.31544397582019934,-0.18309180158517468,1.1373575518978023,1.1114601523639172,-1.2520247290115765,0.4448668688194065,1
1.3530735775420593,1.4662028196256818,-0.816793179270256,-0.042433810079108215,0.09015682766757308,-0.9862401105165975,-0.05568505264999431,0.005322860451700487,0
1.1402094789367356,1.207425028311201,-0.32920939835900803,-0.21395314386081168,0.6642923020556356,-0.5851884489270115,0.5886401517374027,-0.08790648736921473,0
-0.9693985777386207,-0.9568367128796466,1.447058696031102,-0.1564214791432986,1.640354093898311,-0.5136362607149101,0.2912052011314934,2.3926767230182415,0
-1.0573867446632792,-1.8978144998997766,1.2865901312872332,-0.8268091053930736,-0.020706364106233777,-0.5859182104515849,0.2681627809553161,-0.9505362071857422,0
-0.1799400878833061,0.4498153265565342,-1.008308886274262,-0.7000840296458889,-0.3473828335985318,-1.4288154342262782,-0.4225609827987464,0.11879653990290184,0
-0.39954894158842846,-0.27137649293172456,-0.019901670906585355,-0.655743462432314,0.6910625658668772,1.4359781248017758,-0.46438039219544847,0.4851982314777071,0
0.960382844565353,1.1654873450385048,2.5657795312032543,1.0086595430180987,-2.1734145388096806,1.353995631446959,0.5328637433090093,0.37840383000189726,1
2.195634806117832,0.10988445884805409,-0.4855391595222738,0.6411690188326402,-2.1564767207463142,0.6602289871064082,0.586842262645503,-1.3097629057462807,1
-1.2794967959138979,-1.0320322451615775,-0.06331985971095996,-0.36571678564620924,1.3991363816960873,0.9543483290916974,0.49527294606859795,0.14563031434388482,0
0.3932297769848273,-0.861982355313375,0.8572103535566122,-1.112044254359201,0.8353769939022309,1.186142502118831,0.2108646020880872,-0.17621305896197587,0
1.6003099083096732,-2.061518370100673,1.3022582184854612,0.38664600216019296,-0.450628113056991,1.6065325128978274,-0.7747689215647278,-0.5402068566511581,1
-0.14140267082537805,0.06755548408082447,0.11493391158101274,0.16191936728506806,1.0393690449185533,-1.0860345530341475,0.17570045616484992,1.289929698618241,0
-1.7346114969371953,0.17964668078005355,-0.5853785019730434,-0.37071038447310495,-0.904807503214422,-0.16955071570044408,1.8412556144269043,-1.2644303611772136,0
-1.1696100024788274,-1.3019345701635046,1.727418286628101,-0.46233970552128695,-0.025639060347674214,-0.4027829411062397,-0.9444228784030915,-0.2351506466144354,0
2.45824360573656,1.392070920974255,-0.8529378177922723,0.6475741030616857,-0.8315227726663764,-1.7763676388462208,1.0195109176646295,1.1600928466435507,0
2.2460522510478995,0.3301347507804273,0.8332242659980138,1.2497655536581234,-0.008503962651892849,0.5063625287029557,-2.3190718201181646,0.7138751941420123,1
2.279009639236113,-0.3975882890341571,1.638759381675977,0.8315416951336927,0.3501482632323336,1.7719754997190074,-1.394465241925353,-1.016959400164946,1
0.6664804743171207,1.6891273175270074,0.45799609647402895,-0.1940433238576419,-2.2213503419246385,2.652647554550939,0.12571364142530994,1.3698959812747644,1
0.9677253867794737,0.5767083615434017,-0.24432885517952907,-0.16376410412220166,-0.4275643645921248,2.634740754415,0.5559120312994426,-0.46380044135143456,0
0.4654967741662798,-1.0108689178563175,1.504506718589227,-0.6610690958071401,0.5010854326224657,1.0659776297431345,0.3847685442049928,0.09446999181963821,0
0.010802084856015158,-0.056441096887107134,-0.5766984889275022,-0.44948342976970423,1.479590373650935,-0.10853663268515668,-0.7857962693827731,-0.5162975968615086,0
2.300370680697223,1.4756066331644786,1.5603291782322568,0.24247880109020853,0.17336247017294504,0.25643887504935203,-0.9596140313457745,1.5698044873917454,1
2.0742776789190644,-0.18190984595080317,0.14447354709142424,0.6087021528134097,1.32613237466951,-1.015565164468994,-0.4216670604294957,-0.7760433315731482,1
-0.6343309935255456,-0.3644284180642414,-0.4205083434368909,-0.5337959396592085,0.007207060376370152,-0.5352555666305784,-1.4624573848541527,0.7798696125227764,0
0.7528721671488805,0.843174310022669,-1.5407344962640819,0.29891815258415083,0.6759788558069234,-1.031202068439585,0.009173248182129144,-0.11626664531036575,0
3.0421506585682634,2.724496037012573,-0.6643563933302008,2.9939270057279894,-1.315225721153324,1.8806732943274258,0.2704979808637309,-0.39569022684180677,1
1.693267793839099,0.692466255733936,1.5543300046323907,0.7306723023806256,0.7963394853702469,0.9753995431460623,-0.8678740694263112,1.6960642330571805,1
0.5803959648586033,0.7318133943208879,-0.6645866722585968,-1.045262781398474,-0.5677221432527015,-0.6208213856805886,0.7861992686529143,0.9759840502940518,0
1.0448697104675997,2.2309190188243524,2.36846939376513,0.7433989164005392,-1.22189177154304,2.4753766494355403,-0.7610173510284082,0.7261651964309745,1
-0.33960502560656863,-0.8897903262971976,-1.4686394303152919,0.6328683235572881,-0.7834010538966204,3.0595312289968235,-1.086073582612479,-1.25738247498137,0
1.710138715613441,2.329313478967295,1.0645896569432216,1.0722424201872744,-2.24354741745871,0.22248845430823327,-1.773615729137567,-1.295045849947881,1
1.316980234023887,-1.4428276216104334,-0.3221959660874487,-0.03719379401341805,-1.2312858359510763,1.2964085022070677,-0.39441980809752,1.493798745935457,1
0.7523837327126781,1.1408127893613809,-0.0019184000090541567,0.3034669008166697,0.5115137019191913,0.1416566973910257,-0.3971943099170739,-0.3324425343397702,0
0.3824416016700345,1.2216168299098298,0.9059848259148444,-0.16317375063676487,-1.0622448193245928,-0.31039872778278854,0.2788413412371997,0.6786176695317876,1
0.33719998042672983,1.6085477496020184,0.43955119020562705,-0.9065006270122327,0.6212222892191329,0.36290301043388695,-1.1088990902087894,0.6411800203491774,1
2.3425892227901146,0.8200372908663117,-0.19911712614523025,1.04387700411218,-0.8849897242617241,2.7879239715294664,-0.7011197219978901,-1.635035497898666,1
1.557364972155674,2.7445977922602287,2.5759202885453893,2.3309542887565655,-1.4197601853814636,1.8121523959767787,-1.4219945397367115,0.8242893994169245,1
-0.07295242873973251,0.15554423511728377,0.3237533026363847,1.3985552801426162,0.4007191216696554,1.1768197293308207,-2.0504214180553855,0.28836056605028,1
0.4538835170572739,1.669675756694491,2.1781848528171848,1.556385586030883,-1.1552194194170204,-1.8395331222894793,-2.4669618981300543,2.0216269780822085,1
0.798745060680176,0.04927538173488755,2.6426602934362338,1.7651599454883269,-0.3755512780802134,0.6065969089360261,-0.8321012128131252,0.8271627983874661,1
2.800047281319608,1.2224674242372267,1.7260290330391412,1.6692701090701714,-1.569676001024419,1.654861892474043,-0.9945687546616113,-1.9160951957727659,1
-2.128169541985812,-1.0181176115186856,0.5312232285925814,0.11379956534029644,0.184366707175664,1.950943482686692,-1.2690896148598123,-0.027433354183723595,0
0.3044355228138156,-0.7362731165383355,0.028326745082940964,-1.599949334084345,1.4099062172750279,-0.6816145525304338,2.031400164778503,-0.03247432391745505,0
2.228053565399183,0.7466971310088457,0.9692561677394702,-0.08402933322200778,-0.2808760706337224,1.2179986944140475,-1.4842585089151799,0.47495558414011574,1
0.5899011339428862,3.099664069614839,0.9102692300883815,2.0452321516965593,-0.5956223308076883,1.159287641534908,-2.0213640716452694,0.15292740813213535,1
0.21053467078924676,1.5860038309598667,0.22198277767627117,1.3837203611929991,0.6407291102029202,1.6274013394646858,-0.059042217305055426,2.390222710651804,0
-0.485396202914123,-0.766461834197669,-1.2100528496890341,2.3310246715580702,0.8194475726178976,-0.33412073338030845,1.249022696873495,0.687692185117782,0
1.9661274713755903,-1.5478328327399113,-0.26536010831425455,-0.46252138394282544,-1.9736826764086015,1.060327204779694,-0.2703965558033584,0.7396312049865622,0
3.5597719343296115,0.44675630817239176,0.5788470173428448,0.6186641697239961,0.5872473529834096,0.33328697468985014,-1.3309615971321307,1.657189270241366,1
1.5786393238380354,-1.2447282630048206,-0.22539179946910815,2.00123586382721,0.0019282830788124872,0.137804068962751,-0.8704096572349821,0.6132366728016702,1
1.9357333602801639,-0.5582633948587894,0.15905086132954194,0.7729557548633889,-0.4998345804954504,1.47185918263671,-1.9295073973595978,0.9571286762713211,1
2.291583619377472,1.2868185471492835,1.139111739761592,0.4041163974340291,-1.2348511527715018,0.8280014075602116,0.559705852880406,0.48097149339987477,1
-0.8898039893484101,-0.4922470887653863,0.20085029727593015,-0.37351399718084694,0.4853032830631407,0.5228437607490304,0.8889831804046482,1.4235594722650329,0
2.1958587243723606,-0.13423906414795983,0.09646555342372776,0.4242285235401756,-0.8511753572394145,-0.2383267269609427,-1.1416917941729943,0.12548706638096097,1
0.5281522602387941,0.4842105138449944,2.178450850318331,0.6992380412492393,2.0718090760554695,1.0705081860196493,-0.9900657739372517,0.6041328826548661,1
1.45649197844354,1.2352539571710637,3.0767113258590237,-0.34532046497756863,0.4590460581777356,1.1077505976141238,-2.2710977425706176,1.3706987820947631,1
1.2676235608039048,-0.8571764037774298,-0.008933867891970693,-1.7253542620077036,-1.2588064596843365,1.0480295776172526,-0.4664165060074345,-1.1088029749380393,0
1.4294603644584296,0.2775875685689768,0.5291783422244639,1.2393260256749032,-1.5617333589343465,-0.00536521268183221,-0.5459200078511313,1.5694097907482054,1
1.2381603014898497,-0.665061720361623,0.9373769669196479,-0.7841422934704089,1.8262093469068,-1.1337710254197284,1.328478810791731,-0.6564861068187239,0
3.2132464547946,1.3913207288524845,-0.016016529408221958,-0.022238479542506795,0.38118120522374166,1.9526444176155615,-0.7707155917244626,0.6446582809634663,1
0.7583530326440655,0.13179842701081995,-1.2935048593383758,-0.8129740246401806,0.23511994315166507,1.2154824164976936,1.6159824241620477,0.7795294207714503,0
1.4872907610363637,1.5488138859824772,0.33324914979314435,0.34676903974178586,-1.2241307213394768,-0.3487426107077115,-0.366450988363795,0.7855133065847436,1
0.6876524845090128,0.5461118308924472,0.24264427132386202,0.5566166656775543,-0.04268309622747663,0.4128913952224006,-0.7261444026863596,0.3697059256391301,0
0.6684176852860094,-0.6696814280722031,0.05183209899284673,-0.6236025096293596,-0.5265066965161149,-1.1249293551021546,1.2657749251665555,1.0656851747200478,0
0.5374338542273371,1.972195951943814,-0.18924569656839169,3.0317624151106344,-0.22752941536322038,0.25519335175601643,-0.39777791394020817,0.372325560060305,0
0.8356149278862445,-0.11391639305308393,1.7767198471176207,0.23914928463346072,0.2704853861101991,-0.9089976945137175,0.4184990745503845,-0.1340272208093656,0
-0.6082397293372869,-0.7764744081483639,2.671763379756685,-0.2634772501790354,-1.4569854207812678,-0.6982214597325725,-0.051567839476213594,0.546667032616485,0
0.5547965217253135,0.6766145517765254,-0.6448603066373296,0.34044044350154545,-0.8760594641105784,-0.6196429830140117,-0.9177089745002595,-1.1883888545982695,0
1.0642094888580087,0.6886117009788877,0.9766653699781299,0.03931306602429631,0.7768076988651466,-1.761289404642545,0.8630875180453551,0.1771198300050302,0
1.8271096001491656,1.1800232990486133,0.012944845463113364,-0.9980397753910466,-1.1120541661829633,1.4649172812729123,-0.00990858482460455,-0.7679422773818628,1
-0.9810993674682146,-0.7232356859408393,-0.3573050602668157,-1.3620508308526522,-1.4220517661401326,-0.8218352964075539,0.08625383622500567,-1.1805943397534906,0
-0.11580350997176611,1.0585528161418154,-1.30177973741351,-0.20644575841053947,1.0247567337507726,-0.4182683903638093,-0.5736696908584189,1.1634958143064738,0
-0.30620207897154783,1.1044950252055679,0.4289653911271988,-0.34284465290983673,0.47969053059753036,0.3204495138460378,1.020882821002474,-0.5483455378650185,0
0.041206066781619685,-0.061515679604637406,0.7041481416397848,-1.0251791944441757,1.016977048237856,0.4663287721704166,-1.3169250736329463,1.2082628254805003,0
3.434093080797731,1.8018339695494079,2.426984767226469,0.5853713816025881,-2.06150491973851,-0.9441204511675249,-0.4449179561322415,0.008021192270019961,1
-0.9145762783273513,-0.06274668396867535,0.6155852878612882,-1.4527575467621472,-0.4488776202803848,1.5098706831203152,-1.0752883802213746,0.8697611871649563,0
0.715269238451006,1.3457937598499528,2.097327507202867,1.2412817669850216,0.5091596022138765,-0.2515935334079561,0.4136597067412988,-0.2526931146348199,1
1.4595417655715384,1.058246186997227,1.4851225588695809,0.8369566760601905,-1.2438099785247232,-0.44986741229571614,0.1723486799617686,0.7858345775189155,1
1.1493768409578178,-0.04473293418786798,-1.4051643606769604,0.9661296810041061,-0.370370609661107,0.3420034574210212,-0.6474594284795192,1.6443017102336905,0
0.32343517581680303,0.4625702458938254,1.1074487026973163,-0.5921823270869582,-0.06948047141240488,2.5119104774674903,-1.1904621606937105,0.9951428190317255,1
-1.5494353860385555,0.7610707995151594,0.6869577140737946,-0.31849760241038494,0.6814504696285321,0.5737563183761718,-0.8774774870935874,0.22280712521092882,1
-0.7168158717650766,-0.331986440076961,1.9610934861202163,-1.6099506468799718,-1.1663153496157057,0.5002799437102362,1.0436218672915654,1.368603765496369,1
0.6428294729469004,2.104513697115551,0.25948417949888036,1.5090998037340055,-1.7588772459230158,1.9732578317891574,-1.1061336454709856,-0.4285042409412697,1
0.9828563869236859,1.0773441797202148,0.5052515694742878,1.0539535059953238,-0.9829938836640675,1.5203723939313578,-0.2577779379634004,0.539076945292065,1
0.7586176876340501,0.9515407957652662,1.5502537430336991,2.5617991527316084,0.539420421798181,1.8759899498158412,2.388512194860284,1.115958476767844,1
0.4846435113117023,0.7040150743216541,-1.0089659775882531,-0.4439016364187562,-0.506169266692334,0.6476139772195617,-0.17417456222119868,0.1382234254743028,0
2.2874546201484645,1.6631507387041389,0.838278996958753,-0.16999509687822245,0.7352747316531886,1.6738911809098658,-2.306256818295382,0.2868460610917192,1
0.1655154620167624,0.7788297171210313,0.9101014949397712,0.2839060011754735,0.585247531358856,0.06413680237815363,-0.6738516881805606,-0.261264391041254,0
0.018991186640108272,-0.034679250018589874,-1.8855729044434706,-0.3974833349294312,0.05620565308915186,-0.281369991905701,-0.24682379551158573,0.4879913708045874,0
-1.0789571870486339,-1.6280422139512112,-0.3481697908366748,0.7641144055017897,1.6875530394866385,0.78212823909474,-1.4682637598688473,-0.23236723937677117,0
1.4566343810815294,0.9775911169235922,1.5393045529428742,-0.41704894646076074,-0.3350569124492574,1.3203228297761291,0.12567095330365952,-0.20571816661279207,1
-0.345156867242898,-2.7038176800733402,-0.6214619675777742,-0.524414892971043,-1.019584508167443,0.1656121502326517,-0.05594543204526823,-2.2592138775776114,0
0.21550796930175647,-0.9283241307890274,0.48568895919051513,-1.2818512477286654,0.03000653853094012,-0.2831633288865059,0.30310188495033036,0.12469727765134685,0
-0.25516417502145444,-1.5362723140442447,-1.4772079634610316,-0.583886939092219,-0.00827988392958697,-0.608247947199117,0.6252119305794656,-0.2792209192116837,0
-0.9650127247795103,-0.27809629298790933,0.22585983631655238,0.3248847188245844,1.8783791319931293,-0.6689093400034194,-0.07347866159040038,0.4261239468194264,0
-0.023422959200815323,-0.5006181459886532,-1.5492571763442435,-0.5108345590530156,-1.073702412717801,-1.7266066811237784,-0.7956788416705864,-1.0470917207664545,0
0.5837865452929482,0.6010918374142937,-0.9038792895808748,-0.2602286305631211,-1.8582426621125354,-0.4943399501826941,0.3989819007023456,0.8249378896141027,0
0.48695291830868614,1.8518548605275198,-0.5156919215134717,-0.7476277991437925,0.30966186563787623,2.571121228563247,-0.20656801181630458,0.5596576134659875,1
-2.1951837465222086,-2.0224470560434793,0.12940953689586895,-0.35806266957117455,-1.105835182152118,0.06553258083005072,0.11513136750780958,0.9444158685402726,0
1.3366022830127007,2.028394368334385,1.0079940295488135,0.3846650051926639,0.6643121862471822,-0.07844088004143446,2.1144474532661617,0.9752574781667358,1
0.3808292528376731,0.5250959739725976,1.8771364753316424,0.7925074116726066,-1.6050559790039236,1.4034703847675043,-0.3408965794450173,0.10715507283932346,0
-1.2792539721752665,0.5262020181238957,-0.6513742900675522,0.10016963799347375,-0.284099005360783,1.9250128017358519,1.9822603001455896,0.046513170214741384,0
1.2639777113688546,0.426557033650485,2.106006291502786,0.17108012966662284,-0.8213372746456993,1.8785928636649645,-1.2382990953166493,0.5622449655514694,1
-1.5813107815109928,0.7041903451231669,1.9408669391818687,0.7212253727997919,1.461799167547305,-0.8461021361773309,0.2363242820282007,-0.9431599243693896,0
0.9722344544186571,1.5722114773525049,1.1018206131032986,-0.9126410226012216,-1.7150291055377536,-0.48116393149077374,-0.20854741006040967,2.6638945356566683,1
1.3624582440002129,-1.8959851991460643,1.421075938069784,0.9364004170146472,-1.5452999455287577,-0.3032016167104975,1.0955224114958095,0.5504335109347853,0
-0.10909505238798567,1.410742155796194,-1.1375005960805877,0.27717782424278864,0.7379567694000487,0.9183942155713198,-1.198937549961946,1.4893462537723492,1
0.9747518150865815,1.3100396928669502,0.8743424284463873,1.0813747939371465,0.7329085574375346,0.26552864911647195,0.08950899976381409,-0.237259719097402,0
-0.012368293059725755,-0.1553115088198087,0.7179855180647903,0.7414521596024293,1.0408125980042633,0.8582027721244875,0.30347629087766403,1.6793156564321206,1
-0.231446797688791,0.5946902113701839,-0.2435280417248615,1.3221358940784769,0.6358433382659322,-1.1904837546883553,0.16152465215384673,1.6481121618238797,0
-0.18123103454670117,0.44771503009506813,0.5458788377391453,-1.0366228991646005,0.5107079492135139,-1.3938351520346257,-0.6256241064013961,1.075722967494192,0
0.356756290308358,-0.304477807746527,0.44646102124518744,-0.060092247755131445,0.012578502351833248,0.6568185267201376,-0.7273677406591319,0.040336405554690695,0
-0.3122681946066529,-1.5856033746002556,-0.9204557562492998,1.5682064470638322,0.38472331458523407,-1.3235883014013892,-1.5403543758484106,-0.11216390011058394,0
1.5611865331764823,-0.18675813480435263,1.306999553404016,0.3519307708186574,0.47125045784589364,-1.3357205093045694,0.9375229217497576,-0.3349320372736072,0
0.8630924536109083,-0.814169981986113,0.1770493475099125,0.3520029539376315,-0.15403331657586652,0.4045451930861567,-0.26639707519250877,-0.6490597530412794,0
2.8054833827939643,1.8489528663614423,0.2391352549518232,1.068444305594613,-1.142678854701153,-0.28468464366232415,0.3338094413989763,-1.1040996256474056,1
0.9268559135765412,-0.2527223125730585,-0.21154660308052864,0.4097512196232897,0.5811988119942524,-0.8263431768289082,0.7177256087500634,0.1133705380252234,0
-0.05605479286803816,0.6301255164202608,2.381279015558926,2.176594798245697,0.31734845760867725,-0.2903434881683701,-0.20939309754411173,1.4508609038591929,1
0.7257079833187221,0.7849542886879182,0.3632630792475308,-0.0724123388305437,-0.6083674959040184,-1.8979355185014963,0.33964176671335083,0.18605284365218855,0
1.7575758428248163,-0.5375436932928941,1.6450166893150602,2.554545094620777,-0.32154986922208867,0.8383346807934592,-0.390997643914299,2.632337024710338,1
-1.023647761699891,0.20320693339390494,-0.7996574222976441,-0.547004720844995,-0.04959030788193934,1.3473232416135588,1.8009906006887368,0.4481421446267063,0
-0.3765947230234853,2.4927388666385184,-0.4275544813295202,-0.5711359143597373,-1.7749430445787269,1.3960915692447435,0.968245592371294,2.417805536116446,0
-1.3895233522181258,1.4581708074791095,0.07013551836612739,0.8061002168001363,-1.647777141104471,1.4680818226652972,0.7865167513318304,-0.038910034786217525,0
0.6451126876611214,-0.7654953010422492,-0.5794400855816993,-0.46344461362539624,-1.852727861690278,0.8617584942033671,1.1915936141825663,-0.7013441497638416,0
0.3482030159448188,-0.2655404746292363,0.3282739620810305,-0.6275772412110292,-0.8834251560876358,1.0520748860237426,-0.06387058512449259,2.0221089508534758,0
0.046309964794139964,-0.9260780403504922,1.2269408764359389,0.6308001641460198,0.7268728636964236,1.1906006788679186,-0.6527962938457945,-0.12725330898528756,0
-0.17144983148779322,-1.2907465369156184,-0.2635901501582435,1.3363794578768242,0.237338103793847,-1.3460613278449878,-1.555839411664935,1.6647760587482714,0
-0.09031901025512999,-0.6474102057016173,-0.2739917648970031,-1.477307754317332,1.4230951495116198,-0.3930529375860296,1.367401527738422,0.05165171444731515,0
1.4295319745684398,0.2566944990430854,0.853232662869076,0.7190930460883368,0.6232910662519707,0.3479344771827106,-0.2328507161155849,1.9154346915728602,0
0.29306301490409925,0.8043076423431598,1.0148858752075955,0.9024407533435215,-0.8294726458945012,1.2147463055895877,-0.8688425852029661,-0.9819525174378992,1
1.2095522862568464,-0.30056533303015165,-0.734385762448901,0.636873320689385,0.08788334201956643,1.4266980421045763,-0.13282929298030577,-1.3325890209406106,1
-0.16101692790746958,2.773521436813671,-0.047208760077036116,1.110841031136689,-1.0869376216658462,0.9796727392675645,-1.333254202273594,1.1615411546196448,1
0.13677411731669906,-0.4482897736442336,-1.0501721196807103,0.2677741974925111,-1.21271879904259,0.4274810421208385,2.6264849090369,1.350170051262012,0
1.9183478868941628,0.7143927022588523,-0.9387526270035254,-0.8222863959001843,0.8827928561027135,0.1102439198752202,-1.3992520981640466,0.4343495243159785,1
-1.0620462588465547,-1.2267687345516363,-0.050474072781421825,-0.8915294546720363,-0.7410185797788948,-0.781191026147006,0.5223602138344686,-0.23212569049535728,0
-0.17857196789385368,0.5969458973088833,-0.14203960823294015,-0.27825376845717287,0.47045035557017084,0.668197843557631,-0.14707349950860418,0.0806077756205216,0
0.41820977026667194,-0.06068304316452544,1.7691475019668077,0.9449420625446217,0.05529843841657606,1.1808543487255223,-0.6537967241850464,1.2964118908227693,1
0.9351087610227838,0.9112280051906476,-0.10077791594598683,1.386992729908838,0.22846068173232117,0.6323761925657985,0.28208789083487973,0.2470067074841741,0
-0.7357519902503197,0.701350838344826,2.845294394907639,-0.3747950747900833,0.07099471542494816,-0.4462052643472624,-0.48801990156193453,1.5444494781186728,0
0.5270289822725353,0.32591952663363877,-0.5874928237313013,-0.25761172454224734,-2.1083998929533476,1.531804699211929,2.0996972218373093,0.23332120634947784,1
-0.4667579329902374,1.6999996644297333,0.27307504106984315,1.7993469305535403,-0.6820290477899447,0.2681843109172193,-0.8779575557456865,1.3577767609361873,1
0.9725793692443435,0.3032752972062946,0.8011683970211282,-0.771855184500885,-0.002968397706019865,-0.8867265938449101,-1.1441214543655154,1.3593852088307432,1
1.5030482829327168,1.3903205729863903,0.9349543272811909,1.6697461809855167,0.5246991967697919,1.3461410042476745,0.22754577731354309,1.3504235544035768,1
0.7605364866531097,-0.5438989116913335,1.4203621258426238,1.0460892308314287,0.6904719911385654,-0.03632127504529348,-1.6064310592771633,1.0599002663077703,1
-0.07116698885308664,-1.8857616105711281,0.37510816375419076,-1.8524229149889546,-0.9452565518733762,1.3516813728601071,1.8248790178071153,-1.2156563684719617,0
0.8706084625873056,0.842622523078706,2.781226927581568,0.007131052175598451,-0.8768840230332782,2.4487255584628618,-1.074789152718258,1.3222017089664575,1
-0.27714296511242753,0.6287672559076738,-0.6595968383264046,-0.5554337809557044,0.43920135515226333,0.8500946089132874,-1.0191057405529746,-0.14874962398091762,1
-0.22065607324128275,0.30111316710069364,0.9829162064617618,-2.6251466840968023,-0.8317611742628097,0.15909624218900573,-0.09886311596228586,0.403376242526725,0
0.26754028612655384,-0.30486786299340723,-0.5268531959871771,-0.2455014897355009,1.1487423498227427,-0.7320079329057144,-0.06280672314395548,0.18334221399842102,0
1.560350929874458,-0.30030825823631324,0.9588066560109609,1.2319794032650222,-0.06375426499064825,-0.2107189790767625,-0.3290536720482161,-0.25582313424258235,0
0.8542398605768328,0.2310099772555139,0.2352897091698694,-1.125223510379835,-0.9674900773752345,2.14344682477698,-0.1778257252886896,-0.7747719955783602,0
1.4310991655892973,0.2818085486835521,0.5781549168645216,-0.1380470752815336,-0.31867309057680415,-0.16958637249729036,-1.3827381702986268,-0.08792740941989748,0
1.4960330770426173,2.650463233843754,1.0859990650052156,-1.834177042210305,-0.4939854327846214,3.639504133108306,0.16636623498503977,-0.2108889438085887,1
0.5911065144305567,-0.7420134248897403,-1.3538075195468575,-0.3483693632340722,0.09152643923886121,-1.8721555024333958,-1.1491592905386359,0.010335563182354726,0
-0.40817317598895414,0.39481127114609077,-1.2146683273085614,0.7141137485533007,-1.183759097060195,1.64273430193763,-1.7157582843783166,-1.0925542703834126,0
0.4173708030318292,1.6642332514976381,0.31504303611617074,0.5628579201823911,0.01753690167305848,-1.0263984541151934,-0.4901383482393793,-1.2119097199812767,0
-0.07870996777687167,1.2017489193197464,-0.12317798208796171,0.8195540067233613,-1.7018227522210978,1.1963830201167547,-1.1886825689629625,2.0066155336506446,1
0.32371889557906497,1.2357828929941415,-0.7556467164251925,0.056143340244167284,-0.9810871581162783,-0.4136052427444181,-0.2621042227446291,-0.7258582206871392,0
-1.215502858845695,-1.4135173236526528,-2.339748115707397,-1.0563464635034578,0.6274938966718445,-1.598498532013283,-1.368122846253305,1.790898571232915,0
0.5635039501517459,1.1210460091648358,1.6423171465004947,1.1625261297812801,-1.9223142306080598,0.6689403201005097,-2.318227269518392,3.0463178589103235,1
-1.5948752640156,-1.0478402188698202,-1.0406008548415047,-1.4966604767228804,1.3525939097565454,2.422447901083496,-0.4757491193126174,-1.32042314684441,0
-2.236925498726021,-0.24410871852210148,-0.31636542316144384,-0.6512961263601446,0.2213752539762284,0.3951731428154863,0.32308325793790066,-0.3161248719684872,0
0.09837817042573804,1.465833097806716,1.0125137594215305,1.3883575248346502,0.39007554947223133,-0.5217620690471155,-2.1342222074576034,-0.15554071874052844,1
-1.056265408290668,0.7552517759761007,0.35130967598791774,1.0991839937853107,0.3964868174109183,0.20864958187336902,1.1997297803441704,0.4697273397350485,0
0.0681009634377188,1.4804530339306854,0.11518088315279006,-0.30434060491792164,-0.8378232587776496,0.7030254590454112,1.2370505418424689,-0.05058740143343007,0
2.5079156237798386,-1.1700150319715759,0.9445466251920852,0.45990508789556384,-1.126994372407347,3.283861037981873,-0.7661926326887611,0.1922692283955667,1
0.02596211343350502,-2.0028137385258296,-0.7598679253449151,0.9832399694454041,-0.6289453549327747,-0.8288751628002715,1.3095256365144003,1.340254400951829,0
1.7169904721611418,0.34488266596133277,0.7605289348836765,-0.304149961574959,-1.394773119028645,-0.14441648830843234,-1.3180544067852074,-0.434720990684745,1
-0.363705118543149,1.0194026697539058,1.234595580893437,2.2007927584283165,-1.0683383683547025,1.1961005896232706,-0.3872874207251983,0.3461624388744669,1
0.7443335887496761,0.7752291868507144,0.32741109519753997,-0.25563970504779554,-0.35753010855453504,-1.3677538987970592,-0.8059177786176916,-0.6220075239016879,0
-1.123971762429434,0.43992396668766426,1.19662786898701,-0.9080624323291501,0.28344143574463715,-1.0341111395297102,-0.30492217093916213,-0.6903295791777758,0
1.8018956486064415,0.12121182615782178,2.0116604137066467,0.254279226337801,-1.0496037095948307,-0.353305262345163,-0.44679548970465016,1.4952184022261803,1
0.2733212565368742,2.238831666414424,1.4297874524704182,-0.3075277647170156,-0.31802743380706927,0.4696967194853532,-0.8380191804256851,1.1662883065324867,0
0.3616005218435837,0.2564589108585328,0.6869536677708163,1.722829883369059,0.17095535218750518,-0.11304037087138435,1.5087196233225784,0.9675504159911353,0
0.8790201596162777,0.8051864486590201,1.1953809159387987,0.8618129446049829,-1.7565998509391139,-0.6424846078015601,-1.5873900220024537,-0.3647384430113423,1
-0.6438240139725026,0.6347106420900043,-0.16892915632473834,0.19639460501018827,-1.2243034100422616,-0.46164220292094515,0.5872576617448404,0.5949524581768018,0
0.475426171812092,0.9616623863795537,3.198847853482332,0.48240207074436187,-1.0931869461424455,0.7262376106378398,-0.6078228924731669,0.4488316193094506,1
-0.03135470067650179,-1.4434467969368396,-0.9626304750859512,-0.14933523707149754,-0.1652679700224367,-0.5661892748600006,-0.17701358607643694,0.06101485541420536,0
0.8894134565245253,-0.09921173522605088,0.3991032052982532,-0.541600301433921,0.5720957235984819,0.3757302976123567,0.8658170031798195,0.7134604624444878,0
0.5887356228811461,-0.09841740865778026,0.24493922704446816,1.0635089284515264,-0.6520745694027944,-0.6284077786968656,0.18143139795036198,0.41527969026545347,0
0.3758935007359955,0.7252374365866917,0.9060012257712152,-1.7152801156034707,-0.6195939892587597,0.7426821671515338,-0.860292942823019,2.015914274577268,1
-1.2157982985088753,-0.8246225712046127,-2.612195798319334,-0.4809166661741407,-0.39564355412600094,-0.5099771763342562,1.10767733948376,0.8606175223369632,0
1.277856724267304,0.4293869464601378,2.0261896681068636,0.48024214016414835,-1.2182700389184578,-0.8162486774845515,-1.1413144938956825,1.3546436171726086,1
3.47653868954309,0.861610346189476,0.2346444848796957,-0.6849652082842139,0.15195489630559877,-0.8646160523842684,-0.14965489859511172,1.4177116062629123,1
1.636279453232864,0.5803383280614426,1.5649406535468144,0.6709383711282999,-1.1781238418605917,2.7504123223750256,-1.0516793796105164,1.3757523004499093,1
-2.4186142826957147,1.276470882780929,1.4687637446545818,0.029833787126638218,0.5587710347377585,0.5585151816075627,-0.6427835696407243,0.5471223054393403,0
0.3913695301274446,0.19124307635467397,2.1269431432122987,1.4746576907002027,-1.1063755021157926,0.1664236564989594,-1.3455966024576722,1.3326395664654909,1
-0.9999847808103971,0.3567126390359526,0.7468468106342946,-0.08824545029310012,1.0100636968649277,-0.30431016948979245,-0.2138556009939144,-0.9772462311318565,0
1.0171773476202053,-0.7665204469788703,0.3497718177150592,-0.07131606712593476,-1.0527830631116626,-0.6091031438233208,1.382872239040734,0.20165754263448052,0
0.19084965863315806,1.1053282873486918,0.8538859684054549,3.9540464022441815,-0.1148761586577276,0.5193751529336355,0.7200279177871043,-1.2410361672928456,1
1.2943201563810973,2.794428494681073,0.883800715640246,-1.2333010446480788,-0.7959179644105978,2.3545180409590367,-0.3239304036792288,-0.2388561095125178,1
0.514757192820976,0.2402997288501867,1.3611978840539962,1.8381961329386531,0.6524230127991709,1.3560121821091284,-2.031644760057483,-0.7279325139934413,1
0.5332520212137634,-1.3454710979328943,-0.22556702106860427,0.304150446186177,-1.1375939953626888,-1.0242623343588635,-0.09412106456781866,0.5036502875240538,0
1.0615187704137568,0.6070534347705518,0.07365659499219453,-0.7461947535570493,-1.0709069958445192,-0.5108770883291476,0.40993558498056715,0.33662370662734287,0
-0.8999019857251225,0.01432297173249708,2.204507551606156,0.5792150478041395,-1.817008913102986,3.2558211815981513,-0.7289417323147646,0.984333959313408,1
0.3995247560451345,-0.36759546616018607,-0.7275736818213943,2.1216749850659404,1.0032058696177506,0.8219372011086765,0.5762891917182107,-1.0033173903616845,0
2.4775301917402737,-0.04313265801174926,1.2832867981506457,-1.1393899054645689,-2.4408588506475195,1.2182912026531147,-1.509099267194908,-1.389167571297273,1
0.5406095029470755,2.120080771050789,1.3895602585800617,-0.2573178852656725,0.00884530669694572,0.8877062567839132,1.1221280198349068,-0.3435357188256987,0
0.034177715724574294,0.30061480676453645,0.5538763202788318,-0.13307644201126692,-0.12008524506874427,1.3798323297543882,1.2095207024428862,0.4774105734360883,0
1.7191090700229286,-0.386445762226417,1.6229734486293805,0.5425154435355505,3.2710261222145895,-1.1924819267824778,-0.6893452522173416,0.4187978282005477,0
0.3972340529789919,1.9501389841750185,-0.6683746832995339,0.9049185186938843,1.1624630046819957,0.7046478322206475,-0.96099634192432,1.407758805254198,0
1.2293249313154138,0.5995845197903774,0.20434768720895413,0.22610801004437128,-0.07873579223937772,0.6407851342526418,0.031134852944977556,-0.8485249753526413,0
0.15140835517240792,0.04796374634770795,1.2221322425494519,0.4730441635647927,-0.1846562067112508,1.400813133546111,-1.327320925916879,2.0656601683453477,1
0.9322891729525256,0.36657301521849106,1.4823862373324523,-1.3365102023750728,-1.1905344497229193,1.881072798691833,-2.4374219290621104,1.717574196933156,1
2.7111365663591345,0.4305446621762517,1.29181276742631,1.6190870848510266,-0.8667891880435197,1.7677755205261816,-1.3711487951306716,0.12239770666682065,1
-0.7993364643249737,0.3426471991948034,1.1579690525655495,-0.18411293211716429,-1.2712491599124032,-1.0827068222868157,0.3945994213705404,1.8441164133942693,0
0.39372499931439753,-0.38689655065125267,0.7661839668502841,-0.23949863558674636,-0.3782852173642064,-0.9584591056952636,1.4084488442463559,-2.5392079174956637,0
0.7978592002792693,-0.4637449377975369,-0.4103407314516127,1.6923151561178125,-0.7141310922000513,-0.6800691540284102,-0.13039423891953036,0.41384738581223823,0
-0.4418557822928694,-1.5738589305358854,-0.8656981808817654,1.2813338564645194,0.07477678913551145,0.45108728370382206,-0.2614212071730376,-0.6594976961732696,0
2.877569449875411,0.6118081429489194,0.5566301204728732,1.5961423663553396,-1.1223603588673852,0.3052726562260033,-0.689753315983102,0.6002701040881797,1
0.2596113479032144,2.091669089395488,0.33624824635237044,-2.3780539627508004,0.3262989434315609,0.03787999448959883,0.04345002435145766,0.2459473093961707,0
1.1713217123252007,0.747387906944611,1.613044209770786,-0.042080797194500974,-1.3476863356391755,3.923781452622391,-1.4158574437812335,0.7001429124600764,1
-0.2956602508753674,0.916468415051422,0.0667744493106649,0.05752705714998907,0.6450646657711238,1.3720095683780738,-0.13159047542518088,-1.171204838391863,1
1.8368951698290128,-1.191881310941875,1.528560814293865,1.0215438659814862,0.5773327417846801,-0.8549847809083815,0.15158984481952292,-0.4709214106448598,0
0.029039571505291815,-0.24987225908555988,-2.0386105065724083,1.121784150984588,-0.08110715654936117,-0.484800399502237,-0.5603272328297677,0.3584595763667682,0
-0.8937563382944722,-2.2551755584740434,0.40712980320827613,0.5191029979568217,-0.1996318246776329,-1.1479028751900089,0.08893554088928533,-1.4645323683135887,0
0.17276940331234059,0.04930206349583888,1.843939070891556,0.1373890495630829,-0.8478664117764606,2.854692515411246,-0.34753750281128604,0.9389945104748261,1
-0.3697007452087749,-0.5963716676367777,-2.1864064400171506,0.9687405319235582,0.44830970575637913,-0.17916599321341334,-0.13722670183625574,0.7361442622610551,0
-0.35471007307985314,0.21011866844619453,-0.13630286289253046,2.271509282486746,0.4756555318533007,-1.3026926411353643,-2.2137616266399753,0.4676543266425137,1
-0.4724402120724247,-1.3243822080768883,1.9447622376504894,0.3125399139825792,0.4748163228630915,-0.6920149492322138,0.7222741471780024,-0.3804327609820118,0
-0.2833431737074994,0.6110019598252598,-1.6289975650602997,1.5970278598509826,0.1823892147238758,1.2809442087804244,-1.0754197566188184,-0.9231651240281931,0
0.038099778400187745,1.050297672664839,1.065983301918246,0.03558818076881948,-1.4140691928852793,-0.36659626973084236,-0.7484839004706559,0.13441322041139986,1
0.5143930076417377,2.3470894861316096,0.917674321807266,1.7700429339269252,-0.9332521826826966,1.1447762837986568,-0.7554760162563349,-1.0976223095181226,1
2.6283383062639127,0.6648463929675842,1.7464182196329605,-0.2520287224615594,-0.5648443815797647,0.03314764007664528,0.5359984827633935,0.9114093474506757,1
0.36705352668088814,1.358184147104979,1.156341296899023,0.7653425361362853,-1.4217273470374627,-0.6956791195166836,-1.0038881360113527,0.7275336936257992,0
0.1706519417500514,-1.3905124336305947,-0.18874421301122754,-1.4941123357187784,-0.05315648806975988,-1.6553725039871847,0.5288274933846129,0.37796262603407355,0
1.9079484933468815,0.8478732894973424,-0.42291425582250275,0.818070093274486,-1.3976638809451785,-0.9624726036810854,0.33314253207511,-2.1582496627479273,0
-0.037160784933883036,-1.0202632921184207,0.10130705515326355,-1.0777363580472634,0.42424813745518875,0.01932742366738962,1.4003659168813305,0.006734534101622121,0
-0.7686428049614663,-0.2468858558272829,-1.3442363970167315,0.40613725470544,0.5898502463152723,2.469196036692818,-0.6218359906044048,-0.2677945736751827,0
0.6242414755617843,1.012113701131224,1.3816905344796138,0.44662515557148924,0.6863259168730321,0.2830204962452225,0.2861740478907121,1.1384978536410824,1
-0.012029919898946523,-0.31493664075714545,2.4266677587313694,-0.8170086507420794,0.29793317696841465,-0.7502190702421325,1.7856207486213058,0.8868263287992036,0
0.5216501211588559,1.3125949934312284,1.2576957212765554,-0.016624761974738722,0.35816421722817327,1.2893053911044101,-0.48430128611404766,0.5580802887576712,1
0.43105449259965123,0.22938766149245945,0.05909333302501734,-0.6410159159875635,1.6937662407624925,-1.050419943348547,0.427636218879745,-0.3202407423014329,0
1.7595472694492997,-0.9034825372238406,-0.7352632617603321,-0.9698180632618253,0.3234650509506103,-1.3730506595686418,-0.47852849475776627,-2.152365822854285,0
0.24042135412809051,-0.5002148587562626,-1.488056743931853,1.0856094029740586,-1.3076668983849393,0.7969436900282153,-0.7010408239878044,1.601571377895426,0
0.7495505389261462,-1.0080478708740281,-0.9170825522103063,0.60552520522431,-0.2623781307101668,-0.16934250702136555,1.2722388617720979,-0.7486888733699565,0
1.2912937721754545,1.754627793652306,1.8091174883856003,0.3403873324793275,-0.6889058808526582,-0.8388154625209315,-1.7562449926651957,0.9183592265747336,1
-0.1378821889422362,0.07492707856622638,1.0392536096340605,-1.1873231090622745,-0.23618030223264996,0.1887109634112177,-0.704159937574516,1.431477113927417,0
2.1085868016131473,1.0901333270887554,2.7942317793285865,-0.9988952796101422,-0.4077262811056818,1.2663369689340611,-1.614555046793922,0.9007145418177283,1
-1.106582493787878,0.6905573182742532,1.0578347681289066,0.2723334011283283,-1.8527978150649458,-0.9667935211660346,0.5647100032131608,0.021198643512365802,0
-1.494002617692488,2.0428303838682407,1.1366565062538323,-0.319074664000045,0.5949555975666642,0.2224599870931011,-1.3884521176042146,0.9583526510140361,1
2.9810384592422947,2.4235871779728866,1.3597114989041066,0.9623856588503197,0.391498932084825,-0.35698367536934905,-0.05585166284801746,-0.13407346814352816,1
1.5184780667965807,0.5725323723926627,1.5012083271142145,0.6181034650064601,-3.4730302708212997,1.0788917117051806,-0.05784704770073723,1.0459283483384536,1
1.0974140537914203,2.442161691930406,1.311373129121661,0.9376733001931064,0.6444918940505687,1.2625929996965988,-1.5980177534142035,-1.8383374137796222,1
0.7228790979819185,1.5609455258811167,0.6469036685821942,1.3011783722817296,-0.25127182407972704,2.1880660702621846,-0.995216707120661,1.067614826567688,1
0.5058850645353592,1.501601872631193,-1.706637306334278,-0.4584082745531576,0.8485161053885039,1.545896479778648,0.24007151264208035,-0.29270416442148695,0
0.7571183686744447,0.868702675231683,-0.3596616786673072,0.3303073121775462,1.1805272624119694,1.8904589932744518,0.7426049592352919,0.044138896665593126,0
1.1459248239620918,1.3573965571936228,0.8843271575205498,0.6896404990223882,-1.4578762645308747,2.197057196491159,-1.8401847271486784,0.1678882395469874,1
1.2975932608518137,2.7909868798886386,0.5773170151476726,-0.16601581396039633,-0.9508169173337938,2.5588971676113124,-3.5123469935060214,-0.40273801214858695,1
3.931288709159552,1.390882073491637,-0.10598494933921998,0.45808201782522845,-0.33254543393213837,1.7461252459056058,1.1395020028225635,0.9885516812792154,1
-0.5397883030129608,0.7870844420982043,-0.6982526968628611,-1.0333374959890294,-1.759908871956445,-1.5651283945004009,-0.8964451561242719,-1.177789767700871,0
1.5132365273747173,-0.3994018258240353,-2.143666302024744,-0.5439117745894657,-0.8718596477214193,0.2945505121280346,0.8195246793091844,-0.013542559289150158,1
2.080923463199198,0.7810174003191384,0.9576952743274013,-0.33538028884803694,-0.4587826515807672,0.13490387310258312,-0.5299756857454294,0.3637503673763118,1
0.25537206680839974,1.7918943397005953,1.4268404800214254,0.05193726585775177,-0.25450695296469,0.8161774784980363,-1.5675909372632737,0.6704962290211638,1
-0.6210117548073745,-0.9449338356200992,-1.6227673302665249,-0.3586073535386307,0.5669706595837234,-0.6946593533788596,2.5207086921579696,0.8856856536527323,0
2.504330132660478,1.5952430120737586,2.852864974938573,-0.28700198347254213,-2.9607373856586214,0.45387439164711696,-0.14178142445246233,0.7515169717479784,1
0.2754726109677837,1.3209100026698724,0.3820575744624996,0.7989129275910215,-0.9395627418527589,-1.0953936892160367,1.6141139230244876,0.10090153514706786,0
-0.6232291834461349,-0.6213944935471182,-0.6491231216382576,-0.7089590210458417,-1.2831478026036598,-1.5004204022205085,-0.19500437765441916,-0.5929258703203995,0
1.1071592854432952,0.29307665326691656,0.2653176800779831,-0.7431204075544506,-0.1210284157799757,0.36100110363144033,0.7161957397126754,-0.09389182651836551,0
1.079123779324209,0.007989308907942713,0.7928471185176799,-0.4898522085891503,-1.8125883665686418,0.26835898801852265,0.7253240631466256,0.5753473318075695,0
0.42218666143744,-0.3485869659549873,-0.8067462514455923,0.5517282690437805,0.42644741619827503,-0.5608990908438263,1.1094241891920569,-0.8828655145476005,0
0.6164766212089595,2.436425212341665,1.8685819377339126,0.1419906941089774,-0.11261929035644952,1.0547922445238385,-3.4456138649773784,-0.3064739494733817,1
-0.050846617109281525,-0.3566114765593062,0.24710256483042056,1.12948231294792,-0.32153578465392746,-1.0576547961228648,0.32485165851104525,-0.3266233335678035,0
-0.15606350082190265,-0.29177371915307865,2.2418378000109858,-2.240704260997945,-0.38833390313264615,-0.0036890256483920517,-0.7811424922827788,0.899825832128283,0
2.0132576787196395,0.7522453815114595,0.7293262446563058,0.388043165768353,-0.5047866536478107,0.8216269718742374,-0.8879991015167994,0.8524493145923928,1
0.7532120648278651,-1.2302601475985768,-1.050663899233149,-1.7485180294835236,0.8663974003575995,0.25032329319046315,0.5052675159327706,-1.4294982383634685,0
2.984948122880138,0.19114909185464235,1.168205807111256,1.354384660678372,-1.386979755796072,0.3536756414873332,-0.5208282253991257,3.4574730754647063,1
0.3011247428520243,1.6063611506307183,1.2056731451919556,0.36801003649451874,-0.9891957716306787,1.059753610818235,-1.498110341648047,1.600875123677092,0
0.2000053082182553,-2.650223547298176,-0.34050609503183893,0.6539478209229405,-0.2370238730397667,0.7150058109935733,-0.8500241677122955,-1.3059823727876074,0
-0.07144540304760538,0.031565667289914785,-0.3483843510623214,1.2272911466421925,-0.8502073751390576,0.31316560733234944,0.06796997116362523,-1.5567159521360834,0
-1.3190301836685123,0.011911016248631409,1.981199998686964,0.579269811898811,-1.7256348251446327,-3.1104880651193376,0.7330535930043798,-0.09621348292819902,0
1.1412659695103695,-0.8807179207114415,0.3502124978585262,0.8461734630278627,-0.44746363820648183,-0.4260855702310654,0.025262831098390486,0.5426763465603288,0
-0.014334004511910938,0.9739963377594865,-0.46193518926703,-1.3283952054631096,1.9769753681131799,-0.6046337365424463,-0.5684420837177473,-0.06580332107218435,0
0.06718110965398118,-0.38668364248828285,-0.01743389694900904,-0.03976223142817396,0.17481932702080696,-2.357487458987316,1.8808763070078494,-0.14728831353455754,0
1.7806226194469854,-0.5781013415340241,0.5289997387507498,-0.1723158663204145,1.0697237645085451,0.31418639316411723,0.05807998694009131,-0.05042045267319517,1
-0.45261893965394406,-0.24555016520068595,1.2838451268293003,-1.8898526590301186,-1.3156635552744327,-1.9473051656898168,-1.0875021197614503,-0.8116000511921072,0
-1.614481254090389,-0.734147746614669,-2.014714480933415,-1.0179887237676812,1.2004203999102006,0.40358807028110283,0.18746767217252772,-1.0027785562791145,0
-0.33608495904472413,-0.3391560755342806,0.9567901731039851,1.3681767797266682,0.5023674171353204,1.530612362483333,-1.4375568640679441,0.624549832403988,1
0.8786574699627541,0.5988102365052498,3.037127896959813,-1.2620002370036125,-0.6346768159222609,2.111748907196157,-2.165891495033538,-0.04374742526625042,1
-0.5290384975676395,-0.2232897220539845,-1.5959571596062172,0.5952860603380394,0.6662872825131441,0.5083753250179477,-0.8703736742910814,0.08651079078729512,0
0.3005597604309125,0.46740333922848737,3.153467927170878,0.595695377596256,-1.5875265759871735,1.0803353406639138,-2.05179592606331,-0.5990103925150118,1
0.15887686405120904,0.3556905478043165,1.9369689955892015,1.0783981980168391,0.12299532824732828,-0.1989245655905424,-1.2413143554356485,0.8720011068831883,1
0.571680014611587,0.5216335596989017,1.4413586925299495,0.151227318798698,-0.17394041089797477,2.4927284560195684,-0.8718587989869975,1.7793378097192063,1
1.759370067307358,-0.6672419934867666,-0.10213702926352419,-0.3335958830698964,-1.2548349169327833,0.8097102538931858,-0.08535595191817769,1.8551584167047226,1
1.5081750887250822,0.35432044394679024,-1.0822412436298743,0.5705895754173379,-0.37422980630500874,1.0829287535389578,1.4062402977033328,1.8405965461930722,1
0.7850609182499858,-0.9620771300715998,-0.5129947491967435,-0.09484460692850216,-0.7754071240103536,0.5004645249851181,0.35690884921570454,-1.0883077930546925,0
2.3968167090961243,0.9023103338088604,-0.7290711467422513,0.44865714165503057,-0.11879354407709519,1.8727923614357405,-1.0374764031266164,1.4279382674472072,1
0.1871419867702157,-1.3150546090375794,-1.4151667734825137,1.1225598701493487,1.195984178381769,0.32290923040472297,1.4957067211800286,1.0566098490416067,0
0.6836287294797211,-0.9113114887336718,1.7314287510323434,0.536301432208273,-0.38583877461162164,-0.668270005305298,0.2567837815138569,-1.6710590848384548,0
1.8996732753528627,-0.15357081469402678,1.3706081088242867,-0.02162033735815949,-0.6644187127247037,0.1430901272349352,-0.8612294311808015,2.489379546017354,1
2.585059627048641,1.1544789549954566,0.9747057344350476,1.344201190692885,0.7299703941075565,0.07018161779247079,-0.7774388676322022,-1.2219582295680804,1
1.123102110260895,2.0650242577008555,0.0800826246230855,-2.1250101249030164,0.6088905165770311,-0.9040891661490803,-0.66334944166446,0.6265763897910038,0
1.4545541255127243,0.31189122466139835,0.3503943673983356,0.6258360552208327,-0.8094655525123675,-0.20923713360300733,-1.03256318147836,0.9395926232551841,1
1.0218965331803667,-0.6135085982481852,1.9890646213755394,-2.2388114369433336,-0.8463651550284352,0.27980154544608415,-0.5518211221285851,1.1616618078027354,1
1.1267648082610353,-0.7124048733521602,0.5865823373334818,0.1958183878814611,-1.7115393751832233,1.9005402554341098,-1.4387751272401994,0.41949727230971495,0
0.3899599441977477,0.2756367823290771,-0.4945768821616075,0.8272526511405023,-1.5603674739430955,-0.06582878867392292,-0.5638746765524585,-0.6772979420670315,0
0.42874778745354575,1.0774785427196831,-0.34325576183686607,0.7806810899257774,0.04974066544459848,-0.8927322092380086,-0.25795209324106383,-0.2994858907916149,0
0.5033400874945534,1.2284829286558339,1.2346461877047592,-1.090649698269418,-2.051525995239358,1.3246844532057545,-1.5152864287945347,0.902041155100324,1
0.7809315781091883,-1.2709528374055592,-1.411537254576185,1.6744316823952952,0.351570782962459,-0.41924065667327093,-0.9339404526462636,-0.5104408489072796,0
-1.1905723361133103,0.8834121740905903,-0.7767511536063209,1.093534588216267,-0.40062891977001125,-1.0433501836173147,-0.4263015880138014,-2.624166777501417,0
1.079231423325993,0.6298808088698414,1.8247427465479675,-1.3863049279833795,0.7618663608635478,1.720599294997656,0.5520435636986627,0.5472786239958626,1
1.0138968341027554,-1.4712440349069051,0.713047565204533,-0.7711627620999453,-1.6514018324229363,-1.1241405181643607,0.005531138629270573,-0.8242992082176034,0
1.5760735316958,-1.0082375550040172,-1.1270975436158617,1.872387434143576,0.5038001294014344,-0.1492968359138075,-0.7029996434705394,1.619507060201324,1
1.6192006082906054,0.9482230961834784,2.095154081312597,-0.2307124752012204,-0.3688215513353713,0.8821513617076084,-0.9727620476710426,0.21019448857924788,1
0.07286823782849074,0.03440749598552754,-1.0484276425345258,0.8017959099004475,-0.9763852077662583,-0.2182334445471739,-0.2952804727200515,0.35810361265921586,0
-0.9191039402173329,1.6909098149294581,0.32300965238783585,1.7199632947770542,-0.8781649245161545,0.8511564142659895,1.2137860400684237,0.32266179120633154,1
2.4388498846734588,0.8390450855645601,1.4154188302934896,0.5699585894113746,0.4478516263001241,0.2144683871469487,-1.6840485230191855,-0.03857619037702176,1
0.09971037632409105,-0.22081878555032944,0.7102748764711765,1.30473169982152,-0.9758383372350086,-0.7339487916139326,-1.436239418312854,2.030372990759104,0
0.30466949912182684,0.47980232005157775,-1.3402083850310482,-0.0011699890068746332,0.5092479844130853,-0.252757690534425,1.0757056248263945,2.3118311256428297,0
-0.9470628270939518,-1.0220872459766968,-0.8777560655285767,1.6061991600164907,1.0423553170296844,-0.13552781779364848,0.03655966440087428,-0.8165436261967214,0
0.8900271577431841,-0.3799018241085537,-0.2600765394549993,0.6087897715292568,-0.18799493808322118,-0.2349659934978464,0.010575205529075074,0.7953554137930766,0
1.6464930754838332,0.585486232246082,0.803314223624267,-0.19985406210112439,-0.707797863168717,0.6539862322351151,0.17124082460057136,-1.4226286487497493,0
0.871930376574402,0.7171029765184465,0.48954213297152127,1.9817355945421273,0.07983903690221672,2.273174917888648,-0.4365747383478404,0.6813878364250777,1
0.26340218238975077,0.8119295331965668,1.0130539256754403,-0.8671138840342332,-0.9395274697703949,0.5767174014836376,-0.2865204559442785,1.061350111985706,1
0.6186815180347951,1.2688696025418849,0.817921070651483,-2.3696200248549566,-0.8847020319515424,1.9789886401423784,-2.3818057566276796,0.7126912004155402,1
2.785261214185287,0.039387046989519336,1.0021490804276858,-0.8040162572279212,1.2272311416635722,0.8166673730033858,-0.6533731572059818,1.9543004655056224,1
0.6614783946454811,-0.8756287324967398,-0.6472779240873159,0.49493130452329864,-0.62412105506294,-2.117243312120527,-0.05324079863907779,-1.4802126611248094,0
2.816281753563726,0.9767876377631528,0.09482494325642454,-0.19863241466245374,-2.2893975878739203,-0.1994618867805037,0.31632320254069923,2.8317861454923916,1
0.7263965131989585,-0.09204253862102917,-0.4319593756539166,-0.9564958135763623,2.0597658993397405,-0.1887487018643749,2.1156298300625043,1.393519509610061,0
-0.5407964313462736,0.13404760424070827,0.33095487582617766,0.4201536358942605,-0.4603142531137535,3.8962390953981427,-1.7772278744747587,0.8289699356643899,1
1.816507742467803,0.7984279955308039,1.110180577781358,-0.5448088943065872,-0.29351380539731825,1.411398996174372,-0.37239941572887136,1.1702009039120913,1
1.412607900636232,0.9369665419143417,0.07129461349743696,-1.171758351883278,-0.6000052747111194,-0.21963115191741533,0.25234583134144734,-0.4783327614993951,0
0.26426680081564835,-0.38819868912033706,-0.651177759055531,0.26504929622543116,-1.8696654420703052,-0.10052568415739216,-1.0939018728443024,-0.7359173093914338,1
1.579752188498697,1.5402230636056873,0.45057298022460146,0.06297269238999825,0.13742977013907742,0.186004902765321,-1.482733911597295,1.7964984781862903,1
2.084187738712787,1.4015500023439196,1.9256446213940928,-1.477278725367363,0.9538355467931073,1.2920621165837423,0.31078138400573496,0.9871617791163626,1
0.048924824680156194,-0.2753092123620546,0.36714437688620544,-0.3117479089045521,0.8678761000651124,-1.5864566445522004,-0.5415758617942777,2.0448232484766464,0
-0.6260804635723924,-0.23868372306347801,-0.8825809333500763,0.3358456728858239,-0.7362648901421949,-0.1856109348070501,0.8488665360350706,-0.6987634188148159,0
0.7886111192652209,0.8222293155603565,1.0549560947192937,0.14054099491804029,3.2412590769767857,1.054533696542082,0.32487762440682655,-0.8759244140817352,0
1.102940874125859,2.226326976900034,2.7095346156262687,1.9783291004402292,0.38519230672961957,-0.35566020629557193,-0.21283818217432987,-0.6414023780529977,1
-0.28747119338075855,1.0391586845772387,1.5231994472697505,1.4033770984808047,0.09713624038609392,1.4315859857427484,-1.6846525849923764,0.4950233153153336,1
-1.5071167856344878,-2.0033691294001956,0.7406427098430741,-0.7531243937909587,0.8724985021430535,1.1083475778800387,-0.6193173246231977,0.5903110945552991,0
-0.6611567286136416,-1.845878874626824,0.1233094044424584,-0.4708738797157607,-0.44008901058713173,1.9753431178455254,-1.5258569827326718,0.38287113537147105,0
-0.9948072371447515,0.9082614092673243,0.2984312361750658,0.3793443491806136,-0.9448896176022599,-0.7655879132883234,0.9272505073458861,1.7707977217275628,0
0.48030781722418714,-0.8974207207714328,0.33893852246206824,2.4274720443376094,0.1024228107189117,1.4618408593935994,-0.740329365838712,-0.04208605163638678,0
0.6195652061255426,0.3973283082628641,-0.7663886801111608,-0.8095174571305996,0.9882844031026585,1.191550812650145,1.51214355812192,1.8039304832528678,0
1.3346194363225965,0.48880075576840665,2.3509909387784687,1.2130692818515867,-1.3824552586675916,-0.13363566551891137,-0.20806979864369085,0.42272533851600036,1
1.1735700452593023,1.8725333647101947,1.7590371449850357,1.8298732484184317,-2.3315361063733664,1.1533979172212008,-0.005311477602793158,-0.926585856687684,1
-0.6548956413099721,-0.840485162328919,0.021698171059916185,1.6278539686940638,2.0225894046649007,-0.8142875530732823,0.5265572504935742,0.5587978521423151,0
1.5876257715147477,1.198979634739234,1.303742502451328,2.18757012080642,0.7024665143680576,-0.16015389759826715,0.09572108088054931,1.4923733745114522,1
0.3149672871517889,1.1314243705027294,0.18807403429903718,0.20046772107625074,0.1212405446770433,-2.018244085799669,-0.080398393905874,-0.6682505744545707,0
-1.1864479781925572,1.4340182847395226,0.5042075185344578,-0.029831080944547807,-0.5648033511024263,0.2961695846287402,0.9914360933175131,-0.8269658435469408,0
-0.0048283722766100075,0.8680664988511725,-1.93600112908413,-0.05756976240540404,-0.4292913705475386,-0.13382985775503398,-0.501628556371903,0.1376246052072956,0
1.923627220422718,-0.323922473928551,0.29171100909410663,1.9947464184091128,-0.5500155783725553,1.814675348928969,0.005323006627107235,1.7818962258649262,0
0.7502011249463191,0.3071083625824217,-0.06563068188658654,-0.6240414398792106,0.07579154996435276,0.8973614590200242,-0.013111430996670575,-0.3166228050618577,0
-0.2507825341777729,0.9924766135830533,1.2251614550998557,-0.6671505137683704,-0.6685878574474897,0.3793589196671123,1.5275320647572548,1.14599030831256,0
-1.2518522121799116,-0.2640759699918621,-0.9306035546895123,-0.26751252191525826,1.6044099960353544,-1.4226006487830172,-1.6188652932801901,-0.8285541534336024,0
0.2873106025759928,0.6207548206407568,0.4374484348615332,1.1756854032310164,-1.7630855942339292,1.188336538358937,-0.3120953200462915,0.7314943098048676,0
-0.12342542676320445,0.8049566970090702,1.2362707705890137,1.6557510374984181,-1.9852546226077652,0.9307525485349042,-1.785235291142143,1.105496044208275,1
0.7772165364561262,1.2871702425080878,-0.5350294543083745,0.9272264856887904,1.3609015874770531,-1.6432469698554668,0.6123449200984505,0.958511253780106,0
-0.2587263863874374,-1.2107735775251085,0.9429557561096632,-1.1995088275577568,-0.17835143451090235,-0.040124057803329026,0.7155380517039994,-0.6266315595125326,0
0.5154163111721449,0.898915478763111,2.006390477619749,2.787450000653147,-1.9074811997787746,1.2153420177865781,-1.7865350262342918,1.6188112432067427,1
0.261455452690767,0.12535178181767626,0.41072914093600377,0.4238010612801961,-0.07680240314129255,1.3837013936085136,-0.7057675461827831,-0.7298910224405813,1
0.7277861503101892,-0.05295866366302793,1.1617347900146988,-0.7077387794799367,-1.6022747273509945,-0.03402600268307527,1.295952688284265,0.1609421366160508,0
-0.19966979917285654,-0.8703470176574332,1.7577664666808224,-1.0296025948847793,-0.72539425762824,0.5700341960840228,-1.8560206898867897,1.2745906653813397,0
1.8241931142173555,1.6992310718111097,1.5581170119496541,0.3388764825436299,-1.4631487101554228,0.7599245587750394,-1.6752363117526348,1.0861553100763834,1
2.0067798305481017,2.2768086311982074,1.3717676405528632,1.4245753565951862,-0.6971447372301423,0.42172286199180525,-0.2263281091831985,0.2135271272830912,1
1.4691857888276576,-0.261192189335421,0.11837231752369892,1.1354093010182902,0.4866900754060961,-0.08565616896668049,-0.029385689493579226,0.06726432696472529,1
1.2165051762003098,2.216944415790647,1.8074872340229486,1.295871988022193,1.5087903584569666,0.19612065895020225,-1.6858749749925457,-0.12212227022859068,1
-0.25450105340661505,-2.3545506142918935,-0.20742823669681038,-0.5445707318949119,0.783759767397799,0.35241937901004006,-0.600696627769337,0.5899608453629039,0
1.9232630598237694,0.031454210208589295,0.5069757446175815,-1.7253631870979826,-1.4906599743692848,0.15753043957642165,-0.6258338233939782,-0.34538267935981526,1
0.686548012950891,-0.425330681582599,1.1711138985312706,0.9257145945849077,0.002365348419822333,0.9123611319052594,-2.2410729965013942,-0.019953663892850915,1
-0.4073066723184845,-0.4032953129206253,0.07498121798983637,1.4255413723710189,0.8120962126845997,-0.9875177798486946,0.6784028752966336,0.6403023676657362,0
0.39393252704843507,1.648865922635439,0.8396233640547366,-0.9099534900144448,0.05520272463714182,1.1169618236145242,-0.9276776291858277,0.5625469150167005,1
0.480914521111538,1.4101305037971095,0.956549365491074,0.6664488439482279,-0.04285807557112753,-0.2545856144263249,-1.594283021882052,-1.6099444596162091,1
0.564742258490407,-1.2122100237467663,0.1325697098956523,0.3709882249395528,0.6023528388925202,-1.2040169138360592,-0.06516161814069105,1.670280420787749,0
1.7143146799843163,0.9873230940269508,0.3374931388188395,-1.0051063888453775,0.718621625391053,-0.15802122874684088,0.5605282752728444,-0.6328434548521167,0
-0.17293311283992888,0.16414736007642475,0.2462780914938584,0.4937227144602481,-0.5791949845248994,-1.3432844521102028,1.6247850398997947,2.489254169023358,0
0.44742071120237864,-1.3239920947301105,-0.7731951168428768,0.509117569050969,1.341115611681286,-1.2128906345418562,-0.12433282084890122,0.19593206444396905,0
0.8645784512858746,-0.34360109440037934,-1.5638146913219246,0.6211975594529023,1.124795965171238,-0.08259146174516069,0.40524009130643124,-0.47449122942707067,0
-0.8457727947258943,1.0264256805472187,0.38749584781446095,0.49036859940188254,1.502115147994613,-1.054842334318573,-0.5520262681594221,0.15793334883469554,0
-0.5643132377612419,0.7831365352724501,-0.18739922090398406,-0.9925328074971896,0.06577167518766158,0.17033877080678794,0.9346820628963304,0.39314090314742434,0
0.46114639135983565,0.3202916840072248,-0.18822252129193043,-0.7162191151112647,0.288838351659376,-0.33312476588364065,1.6898226204410154,1.3421822947732187,0
0.6328391323516083,0.3784669392929856,-0.08795905098117711,-1.261123731347135,-0.2161722233219656,0.10140003340525669,0.2294564744446623,0.4695363670158261,0
0.9213301978776851,-0.6921540716928671,-0.6830756072090113,1.4508566797431588,0.7709815891931486,-0.3907709421333212,-0.10721116895223676,-0.10271394667489854,0
0.03157412228138299,0.47268309223861316,2.534992746099831,0.18975656116265244,0.6625981504252507,-1.6864767061901427,-0.484899992778835,1.2288150027166052,0
1.602315391356616,-3.589114584864837,1.6740232023161967,2.4181643946287688,-2.3959075861197934,2.4193876756455124,-3.471955630625928,1.5379989450534133,1
-0.008648626012240201,-2.3499712152446164,0.4461378272397865,1.1508397491520586,0.36388700382157313,0.584827637059613,-0.41167611233906165,-1.861389755221022,0
1.8918640223370642,2.549753919446296,2.1295808542274592,-1.4878758296013461,-1.9148944072109337,0.054032258202659555,-2.2929754512801432,0.6441899195560391,1
0.3934158051805228,-1.4302532832423676,0.7771284592755282,0.601103944020014,-0.5481591248437031,-0.17252198598398413,-1.9498011756530316,-0.3322621562870741,0
0.007384974130325764,0.16874759522818958,0.37887691202017393,0.24424174323057224,-0.26434369726567053,0.2861949425543167,1.002031993310248,-0.09549807330964437,0
0.31759489083167675,-0.18617106266411843,-0.6467589164795713,0.5228796669176042,-0.5552259441702052,0.38614690099219057,0.02825537151004551,-0.3039346765201432,0
-0.3281428321466607,-0.5081209924156869,-1.6458011720890138,0.38289509516169207,0.2315468252783205,0.8496702524484937,-0.5314569023067949,1.8953836254766674,0
0.8202640521503668,-0.07510964219469585,0.006315080157335173,-1.2339224032296623,1.1326278923931277,2.271067390768662,-0.09925483711524197,-0.29608880777577984,1
1.8112676815591198,-0.35171916152165594,-0.26902583122665236,1.437259080436076,0.6589105844808723,2.2011031387545934,0.24872226031901956,-0.3970307995787248,0
-0.6118048834597958,-1.846996177190627,-0.27859577280620446,1.1445933388273806,0.5988341726560692,0.020308006560405812,-0.9949344438163292,0.22687301801273724,0
2.212813705195373,1.2307192564699845,1.1667351696333592,-0.29695765328120605,0.46718181411201265,-2.231904818744181,-0.31715429113485494,3.170321980944599,1
-0.30837338733184705,0.558630545298634,0.9920890098752736,0.037417185943422915,0.6363742425589795,1.372451014355301,-0.5476996274526806,1.39727256116928,1
1.2167507090717422,3.979864488823514,1.151346933656741,0.6952820984897043,-2.1104680495732753,0.3565496726965762,0.44737768179980963,-0.7354568503598725,1
-2.157557174301955,0.03231547118757482,1.370744507474978,0.042381228696125636,-0.3361246026263436,-1.85848793774098,0.45225412270219334,0.6612751088830449,0
-1.7817324991011003,1.1345324486972188,0.7656955258921091,1.1323159425473455,0.5835250918333419,0.6536827088113185,0.5207208987017389,0.8684723215011957,0
-1.8187577691239185,-1.5010594336215146,-0.7360079001897717,-0.12982017167255325,0.3881369233081794,0.32468165322885006,1.1171058114560313,1.148495298580351,0
-0.8723851082937929,0.23857611005047125,-0.8478315477218382,-0.18824703835356665,0.32179136904849476,-3.4087120764716907,2.4112440396396844,0.5664086773974751,0
-0.595703275413406,1.927369755230228,-0.3474311704861944,0.13251938582805775,-0.48711581039762725,1.6519918374433393,-0.10498470630588037,0.14948410073950924,0
2.403782153025446,1.3851394574610767,0.945651934865928,1.610390972357463,2.138483229427952,1.2174104487994213,-0.5832399121274335,0.7706270836190815,1
1.3104295008315177,-0.5991977350329224,-0.278317559711661,-1.5374429491266413,-1.1838678626399737,-0.5178000026979704,-0.05593699406042271,1.7690833257701195,0
1.7359928049252242,-0.11207851018979376,0.2720195146358847,1.8747486832306544,0.7266103486291923,0.9281499102242031,-1.142526465538832,1.7249328357046427,1
-0.9933271267246865,0.39203039805752304,2.2726589908933312,0.20535568225145748,-0.7756094792616043,0.4103687026715378,-0.4700087190153476,-1.3941158437534145,0
0.7010360268721068,1.1178344005497223,-0.31090667207257267,-0.37723567409627334,-0.9615653911218296,-0.1499356004675666,-0.5623683829231909,-1.0110326867032555,0
1.892168830399606,0.4664928167495073,0.5723951080293523,0.8833995689324271,0.7710362167598054,-0.4131099527967148,0.2725526229714672,-0.2690304842606603,0
0.43846362477666,0.3416908859581642,-0.3826602608642019,-1.3292987229217992,0.14623705696550768,-0.20426948780729892,-1.8903722477087583,0.5076617688887175,0
2.1653421122427754,3.3283564752089507,0.608802496679339,-0.038711896549067704,-1.5094210304392415,1.1086419064870072,-0.49768181944164486,-0.21129633478674914,1
1.0250701179961599,-1.1786656668893567,1.9263767478332465,-0.27067925967216677,-0.4346563514129793,-0.5266934212977791,-1.2823535994615733,0.32040884648247275,1
1.1887091530391698,1.2797325155225119,2.4390750834862205,1.2327109427693563,0.5621645431462449,2.346104109943138,-0.1302921184773025,0.5632928043810046,1
2.209111906255055,1.8730092859616567,1.6485658379660353,-0.9546275970361029,-1.2414601530946476,0.625145895969516,0.07962102073589927,0.5786535809294402,1
1.1368686334505633,1.3152366287442812,1.1991704686772062,1.2055405644802868,-1.0369939046587182,0.4826354994557758,-0.6075290409554163,-1.6490663313591984,0
-0.2874711320558362,1.3247369656272514,0.4607420101184635,2.017809371605892,0.17723014526811154,2.4478027535929074,0.17752122551705124,0.022480296153736364,0
-1.2793900879214963,1.1105627402927678,-0.5021251289404789,-0.647047639408727,1.281230563762572,1.1582226687959571,1.132051367210679,-0.36219113405498116,0
-0.05097586530525164,-0.059854397695851456,0.7825181806723981,1.55356466849423,0.36814655519840694,1.9748910853573585,0.8971944180330614,-0.23479939411441825,0
0.8287114061289749,1.7059402787087732,1.9982889833413344,1.1868913445990807,0.025674453657999224,-0.21669325405592046,0.5760695035613909,1.6739744952710462,0
0.4337691222144516,0.4545318718688109,0.05139785431709231,-0.3278910626312124,-0.1621345066439178,0.13542598524553,1.7180999962398222,-0.23971377853080178,0
1.2526120759113806,-0.06537766040650861,1.7166310664731552,1.8666791787182826,1.2244978459567557,1.1033645246957104,-0.1256457167207644,0.4464496778299619,1
1.7280186796945225,1.1139651524992145,1.0582643872514874,0.6377536922771294,0.05192228339364874,0.6058475651544357,-0.9424967920780333,2.3073620136715536,1
2.710546768846383,-1.2043669485340438,-1.2594712043760588,-0.9571528278081498,-0.10328841503855507,0.895780511037257,0.591252942048272,0.17203113678046833,0
0.5289355469578989,-0.6920861566283695,-0.2441227717526189,-0.020094548375796818,-1.5842163388718526,-1.161310204722596,-1.121566061277659,0.7641082236837743,0
1.4453549485724164,1.411061200073943,-0.8396549898024643,-0.9835666860516032,0.26321544025649535,-1.8786696416660509,0.5246293575998047,-1.2233171435227899,1
0.8433448919249784,-0.8885846247569626,1.0489037151715825,3.208160913916495,-2.2731776301211255,0.6953771478606484,-1.8081627135937397,0.4267689222175041,0
-0.20677216355189393,0.1297823224618433,-0.911686276328237,0.7805411094965004,-1.448357837970381,1.2416372628987402,-0.40925030661018263,-1.4026906774030896,0
2.794936823340698,0.732657347190847,2.9076359704420263,1.7213561293133421,-1.198145704786435,0.8150101990632511,-0.5789620603364256,2.1263031999864395,1
1.637517713367115,0.9762926210964593,0.8001204129016923,0.4494429641453609,0.9045920856783244,0.9037053507974744,-1.0949972712981746,0.03549283438631312,1
-0.553765153836162,-1.402095996042765,-0.750375308326479,1.498420275650323,-0.20659926056749658,0.7044116685560984,-2.4787565179008344,0.5683113089658791,0
-0.16135270436911373,-0.48144002289050875,0.18095995742113172,-0.4958252538120278,-2.123874919888356,0.9222479411719373,0.24301756134819305,-0.3139424547478518,0
0.23381462792756258,-0.669857516107135,1.2238927070680576,2.113440960225359,-0.19683352325896183,-0.48276160609282603,-0.4748832729615974,0.546657037753272,1
0.8640436260742304,0.6067331774117265,-2.9858225341099236,0.5452422044284568,-1.0034794095040838,-1.421728741448699,-0.18847341037356372,0.41097110903001155,0
-0.44073461028682437,1.5045764170575515,1.7633388475315999,0.5469761962994978,-1.2676236302270487,-0.07937800418929197,0.3259321315802275,-0.9112226864959049,1
1.0644704608191784,-0.1651991591304367,-0.09583449964285712,-1.708087705413325,-0.1467166301285866,0.6135855160113759,-1.3364100878519811,0.4986358672518455,0
1.2890122536790227,0.1562443861676932,1.8546730864913044,-1.7022567689785562,-0.053319251256291,2.5194351580732923,0.7399431391006617,0.9898067205385225,1
-0.3016807761308459,-0.6358025565476308,-0.30292579390564206,0.5438072479179061,-0.8072438054594162,0.757423818050381,2.133160518003324,-0.061883235127395034,0
-0.14439480328330534,-0.5447447463164128,1.7765655517115755,0.4402538210395564,0.47683089606405293,0.3663657508406505,0.13062354753983163,0.44170082655027454,1
0.4674959446760508,0.39900152119761556,-0.19705435542323646,2.4893595585816115,-0.4963818135584871,1.544514088682196,-1.2368691328707992,-0.4519278219798232,1
-0.23388051091793519,1.1011925333791985,-0.5207317913982836,-0.8705319727294154,0.1554642443691435,0.4990226007177441,1.642848168853183,0.35375047837249485,0
1.8439926785312348,1.5192752369203215,-0.1530153819326303,-0.4633320704695443,-1.4838962896056502,-0.4321457556916456,0.09545987487040364,0.8900500916637553,1
1.2794960630914496,-1.7927165154022686,3.0554768586186185,-0.3942720041535557,1.6518127559389577,-0.5492414806513161,-1.512401158556537,-1.6028493825096297,1
1.5621249759426974,-0.3012568208112323,-0.07300015409835425,-0.8725142171743974,0.377355062737863,1.6114636515675471,1.1120338910787855,-0.08570662107297333,1
0.21881937104680035,-1.2893351974019516,-0.33503902273531805,-0.5188453132811776,0.46444995749542084,1.017021806418191,0.9910666908314999,-0.8428122722176108,0
0.9984679046229995,-0.044085137107797066,-0.32459689589701496,-0.7085114868189184,-0.559935794361552,1.7423138461962333,0.30741076649402355,0.17461184750120493,0
-0.26224685853694674,2.4459786114380284,1.3050104888464247,-0.7210621147987927,-0.2736150547046242,-0.21424454337091037,0.14587197828259946,-0.7012259926314353,0
1.6388165233616965,2.2520881320393142,-0.31362810900416327,-0.628146737092067,-0.8831585552973069,0.46320443989217036,1.2984658747459308,1.6017092200148388,1
2.144322352118264,0.5356343064865996,0.713686593213186,-0.9517054137653986,0.38174022804781726,1.3910546048087855,0.5859973646782837,0.3891702866438327,1
1.058220853799603,0.9700455285606358,1.8918975755070955,-0.9702156220974789,0.3360561337383746,0.8795044378271695,-1.7586372679536963,-1.4846057526540664,1
-0.1364737118783534,1.44771298327407,1.674684666741395,0.3553762106700964,1.9620056638422476,-0.04294108295674488,0.9533035516427811,-0.45123088890642726,0
-0.5145988392841486,-0.6775091168806363,-2.0605289471243124,1.2870922599469117,-0.6416324391380163,-0.8014387797551964,-1.1799716816126755,-0.20435943653628302,0
1.7634923105597426,2.0937788508227175,-1.6608668758020833,-0.35444799597628235,-1.0343577700936986,0.9883377412115197,0.2865935472939267,-0.636569327379835,0
0.072573080591019,-0.4774186214077085,1.6142460943748966,0.5469595150160383,0.669823420916438,-2.6669174780328975,-0.06678867882881083,2.083210959059034,0
2.526129070036684,-1.047089585920303,0.6865741673164059,-0.7015194659187214,1.3111015603628702,1.1442782822759086,-1.467795559731436,0.634157943540789,1
-2.607365529068484,-1.0849613034565766,0.03644372582630957,0.8456753684533224,-1.9413141205973408,-0.38115530770242934,1.0096857385188218,-1.4514533243732721,0
0.2291828347841731,0.06597450310600346,1.7143803203566024,-0.23013619311163766,-0.17160059837507027,0.8549597531646885,-1.3263486680493446,-0.22088320655085864,0
0.7442749891594894,0.6610881872948998,1.848406448962838,1.0541614850821732,-1.1486823085286764,1.0366992033272124,0.7904416141005242,-0.23136569879730529,1
1.3451667803970127,0.6068393230613714,0.936994984163223,-1.1306576222494007,1.0107628543122043,0.12564809911181674,0.32607197015353284,-0.02137660804751118,1
0.5744953481042397,2.013123250465467,1.9938846034779243,0.7086658989639829,0.3611505498063198,0.6114472197436001,-0.7083676277188898,-0.06162439246381912,1
2.10406494930026,0.10658666883264767,2.485156344937853,0.18416583168017564,-0.3794914359836657,1.6587280206543342,-0.676135578810418,0.30209168571468975,1
1.1699765521915284,1.693818353557584,0.33714777786329453,0.3737629927267352,-0.38971327266252465,1.7645851955276564,-0.7998453738714365,2.408299094493722,1
-0.1565385777150951,-0.23768363840527992,-0.17103212161773174,-1.3166414286580101,-1.036726846758685,-0.5306668897390933,1.1358298488501297,-0.03312605936201012,0
-0.48464418961570654,1.2265347456065954,1.5511771328922608,1.2553824609077604,-0.8530899972351577,-0.49524862019365573,1.813736070314719,0.24113969200002205,0
0.9323729351039214,1.5183479613308373,2.0072990673581126,-0.07144957092826443,-0.18056004138006854,1.8265600692170585,-1.8602871459598531,0.6123454574261398,1
0.0856103469492846,-0.1835804969268109,0.4368999225196959,0.9771195378794704,-0.7220226286381346,0.2515818750315939,-0.6484454366750407,-0.5469627282664297,1
0.4288032178339101,1.13138676195831,-0.07920404098801156,-0.2026489933002083,0.3734403532155694,-2.028469418831545,0.5368174565978674,3.1018858037448633,0
-0.12267622111472039,-0.11912503371633071,0.7436070000996834,1.645332668197962,0.974967844434135,-2.1556068785835505,0.5633988376627469,2.5719301452416747,0
0.6224410467594651,-1.1546019132717495,0.281829624418614,-1.280687251341067,1.2328036892688596,-0.9558825880279255,0.07424363469202304,-0.8577800019918477,0
0.653551942452009,2.286150645860495,1.1034571648936973,-0.05920247372572007,-1.5452279708867227,-0.9717014863994363,-1.9512806335226867,0.7119592414443779,1
0.9802337687226637,-0.5603514924222011,1.5705436007190146,-0.7175004222282269,-0.2380117228798793,-1.079576720337252,0.9907617345678559,2.097510614044568,0
-0.5618169609361978,0.45383793136530176,2.2647798470500353,-0.9469455214256013,0.16668390697108637,2.1214722002075708,-0.6217711856431628,1.1502630709401327,1
2.960902386127607,2.7484265541011466,0.938032786965517,-0.03237784929923315,-1.3199801110736966,1.8769641504287127,-2.0717755577909682,0.3474259620087976,1
0.10268977095446595,-0.5030025127187545,0.2798202650191239,2.564513318292758,-0.12159859034654243,-0.43540562742738964,1.0153318243818528,0.23958364414552194,0
1.4393357712113763,0.1646876198197184,-0.2484232079710333,-1.7837248880945553,-1.61973469381174,-1.8356986904271027,0.37933916628423964,-1.3622494798674596,0
1.255577365919383,0.030246564855953728,-0.24418691910166884,-0.8438550752043381,0.6222587482702062,-0.8044978195424114,-0.9853780040698807,1.1883499206053487,0
0.3546211607750226,-0.23492942824827223,0.6414329847337166,0.008931873110698613,0.38301315045168366,-0.816847902375455,2.0703986089106223,-0.579619967676225,0
1.5560163269499772,-0.18886884930447648,0.8070971156549623,0.7342234990261364,1.1468517551500457,-0.8406237071641448,1.075635401278862,1.8464398509114404,0
0.9413070207581429,0.8347060671421225,0.47655335751984584,0.15356374781490006,1.3114227989324903,-0.10423452613020412,-1.6421188218507718,2.210900936414377,1
1.8245484258883624,2.9203702490425245,0.5495613621741468,0.6262811372375694,-1.0606769437718044,1.043301168647696,-2.4740966972843035,1.2849545566550082,1
1.5234740834923381,0.7424453375340812,0.6096356754003353,-0.3947539873680995,0.3277129120327611,-0.2710899857034065,-0.18810408795075684,2.6744513948094575,1
2.685521488644298,-0.7051279426706532,0.46326193965669715,0.9214507405553377,-0.4702819220143502,-0.4994057182824211,-0.3146840485265088,0.5899831048837006,1
1.9143254086037818,-0.2532287026174467,1.168003385326591,-1.2670884031299756,-1.0280092978965083,0.72166195980949,1.0837307806073746,-0.9573927260743923,0
1.2240774064839117,-0.5815791735290778,0.8187801736945206,1.336922785624126,-0.8349584991361448,0.6509652940561972,-1.8297953982960518,-0.04835841362492577,1
1.7581109162143385,0.07292489171713287,-1.0023077666505982,-0.3147719499179916,-1.5974276211665621,-1.0141596921402123,1.3603397390464533,-0.14248242438660505,0
1.890730176101206,-0.09534783849605591,-0.035978696191495935,0.6408941585421234,-2.672587582219401,0.20493932365357484,-0.04898648806095168,1.4860388935151474,0
0.9646793941636173,-1.1336916855468007,1.2421386186275805,-0.26231452558099516,-0.9044532262960451,0.1971032508712023,-0.2027693556638182,1.5384653140285238,0
1.5406220284912098,1.0056589208860058,1.9006470828554398,1.592871618092712,0.38360509429729917,2.3194634728149537,-0.09131758708621152,0.7676514647267018,1
1.2391720620880293,-0.09089614008213873,0.033246516344661574,1.7215769172969146,1.6219241279552312,-0.008175806923322827,-0.45355157730561674,1.4631735002084985,0
0.8004183579152141,0.315581254197363,-0.32187271018994457,0.3316965787145939,-0.02170845988770261,-0.6643381795729958,0.12904232858723516,0.2654240456396075,0
-0.375395066920231,0.9038256886095176,1.288832392310989,0.9698976936554127,-0.27624838521399475,0.7558215041883719,0.07796139746004017,-1.2357459785659517,0
0.6727293784977457,0.14613164095694817,2.5935480020693076,1.45727086327856,0.7111501569345241,0.24917050128817964,0.16372225505801816,-1.0036894036331077,0
-1.7389872271999107,-0.8725591090815651,-0.047717018170430385,-2.105539278208984,-0.5443217922727491,-0.24761303312442595,-0.21542655348545797,-0.6617235981881447,0
-0.3415138143814004,1.7238938281238618,0.662145281490603,-0.5603007768981497,-0.06834778836196333,-0.0283133356522669,-0.7679554337401511,-0.7691302177438546,0
2.210524020326713,0.380215622483184,-0.09469638703087147,0.45685965593055733,-0.2819902468708764,-1.0727042241938354,-0.740746357817193,1.4679799343482602,1
0.45122938552183306,2.229795115194971,1.251109482312179,1.4489340247508535,2.8000859359143266,0.7581562617745978,0.16307020793270105,0.973740293431332,0
0.6407635666050062,0.9076863194949694,0.35227235692168635,0.8979845575628816,-1.05190908801982,0.21307150013828235,-0.28652670689449555,0.4622885592194328,1
-1.927521135716747,-1.4555569213120896,-1.1472664914614634,-0.8829719061139744,0.4144233294786382,0.21893884707163588,1.065279371699199,0.7528018229417711,0
1.0719029561826579,0.6083961914591229,0.20967930909148969,1.0993517422876555,0.9194127917400996,0.3760953675539912,1.2710718708601423,-2.3457882425033967,0
-0.29046317414044986,-0.305790465651731,1.1526828774815703,1.5713949969507695,-1.4501793702102626,1.411167174149276,-1.171445186026269,-1.1412152455608227,0
0.9657142976726353,0.48179352786741547,-0.5584172797168765,1.149877973492567,0.27940242472660204,1.9540415961636706,-1.1334553297778651,0.5604172850275513,1
1.1695728350973573,2.487995441468464,-1.8342447826332182,-0.4569443489891034,-0.39445915720820235,-0.18557023491550295,-0.9583203572711174,0.4739244636300906,1
-0.6576861087924688,0.06446892610267248,0.6281492777578134,-0.23626644503100197,-0.45319473396873566,-0.16576491665387216,-0.007436346645589392,-1.740319565334422,0
1.6615539179612786,0.34899877055320566,2.261535074811051,1.0910534756424748,0.7700664042196551,-0.11100379371490832,-1.0713866411874264,-0.6424584874574092,1
0.4948087910706739,2.052105424508592,2.487490577922495,-0.6481332948044598,-0.8582776683172836,0.8238043279760509,-0.1143943581902187,-1.1598102635364924,1
-0.40300008152843847,1.2896261438724024,-0.9490385689179244,0.05320259386112974,-0.2379081914411593,1.3156659699331172,-0.8417180955438319,0.23424328095246938,1
2.0445708597164796,1.0852059263657576,0.3529833780485401,0.5377228966822384,-0.01683097734380723,2.6182372414513813,0.08632366829157934,1.8145568559539438,1
-0.61060739629963,-0.5241829062550026,-0.2353799928129901,-0.143572646638164,-1.0080249578028904,1.2659336265568182,0.883351637758792,-0.3056778613015072,0
0.6417106490138536,0.2228991630038379,0.7198279809313747,-1.34430712352563,-0.14566107319743485,-0.05803852790579535,0.6236420996116513,-0.6284376011821333,0
-1.2999307240823963,-0.28169971768292057,0.9389520142890927,0.5638842255033316,1.2837481226249845,1.482746440658099,-0.6184697207685106,0.5676087232185623,1
2.304183382169693,0.20988954784256186,0.8597162122594012,-0.5892581201383016,1.018906048695304,1.2924989370016138,-1.4075232960039459,0.485544989681692,1
1.7096507632062803,0.5492810872777246,0.46552937828739915,-0.15427368598433144,-0.061038100758885216,0.5419457207893149,-1.1537577347627461,-0.7360617550554057,1
1.2776405765271697,0.6187765612080919,0.6783516513580353,0.6987706774887185,0.34800226273589785,1.6015654719404684,-0.1472714991002373,0.3593297213642787,1
0.633001664058758,-0.24391564132243726,0.406843492661918,0.5196500951365696,-1.1862861216524827,0.996057139117443,-1.6654566779118642,-1.0609918890070222,1
0.819406120864795,-0.47441459536584457,-0.8370336532238911,-1.0938471412974384,0.42303597473040044,1.3749077114679673,-0.4030738610061444,-0.21556337466258174,0
2.2716318398890722,-1.0104457043583122,2.966868642912667,2.9441003023263694,-3.106337529420083,0.802496771083243,-1.4189470318695636,0.3352282290952661,1
0.7816149303840765,1.6117590984793584,0.8874300930320091,-0.41090721419995657,-0.5721851612951243,1.4147842369624097,-1.8837213277652818,-1.0462336889699806,1
3.19274280083532,0.1575733202915638,0.8626470130804772,0.10220459417442734,0.148087704082142,2.672789923091044,-0.12006615827071565,-0.9183651475399911,1
-0.1841234270085299,0.40103522467308356,0.7317668004667335,-1.2219512695466006,0.4193409201744406,-0.1863205578814785,0.7933015621257555,2.4206325972057208,1
0.9517464673678226,1.238972640418185,-0.2319472220842016,1.1236763264791145,-0.8981924234343701,-0.18723532158835343,-0.9893349882529842,0.13425199159463702,1
0.8748405969962456,1.749679902816359,0.2146924073642673,2.235022999773876,-1.7250596328253538,2.5154302731785956,-1.7165106219066937,0.5989867674633843,1
-0.4901961134780198,-0.34372867153785464,0.8013572363555488,1.4998267972288106,1.190524704955642,-0.40485633234184776,0.18425522240455336,-0.7820778736683621,0
0.20844968742530512,-0.3463009057286688,0.5624266930158708,0.749605631014942,-2.3118151597515046,0.8536462974192343,0.8160251245495247,1.721911069074125,1
-0.5851840765266658,-1.396872909282786,0.4598303064648266,-2.3174282502075,1.1101541158826773,-0.2135874578832405,1.8313003205774008,-1.7269654855764658,0
0.9181462252078333,-0.10050883681419848,-0.33105053147208047,-1.3698434652121445,0.5957479067117164,0.6761373847768578,1.7851278019658896,1.0080502628605923,0
0.6061046710442649,-0.20386258361751475,-0.36849143352238634,1.9732243456394702,-1.178174284277866,2.3802298689713073,-0.17492795913793335,0.9299028815939605,1
0.8931316874397017,1.4606729130022509,0.9845292371631978,0.13078670853118957,0.2960047866482002,0.7560278907788694,-1.4983347787388268,1.199826775460651,1
-0.06398565562856524,0.4889100117578045,-0.45385985835418646,-1.209121304680956,1.7350739625142755,1.5466114107635742,0.8837849612619612,-0.3878106853742732,0
-0.3003179731610725,1.3823274458964647,-0.3538300375674132,-0.6325560363472975,1.8722346756364532,-0.04767768161387231,1.7684253285138456,-1.398391910690002,0
1.7181848827845019,2.8710825992166153,1.0297507446588618,0.2359955077322038,-1.5677519175984198,1.9823430544352472,-1.4701280826406875,0.5051914406100114,1
-0.034502279792611557,2.3568946000974327,2.1548853107256827,0.4684152507868691,-1.554148935586928,2.435907049242632,-1.0659317270471471,-0.5052048408175186,1
-0.562118012472544,0.15403486810622513,-0.4546381225299396,-0.1228208365228246,0.3444087336977152,0.5245998360247668,-0.3443066178862891,-0.12333465953223188,1
0.06516906636423135,1.920900822086021,-0.3484860780268965,0.38442943761965875,-1.5655272274684384,1.5201061224168706,-0.47720662894486526,1.050533649906501,0
-0.12318029575890527,0.6115793650208063,0.6710124272110006,-0.452440339512717,1.091906435761852,-0.7589848639930996,0.7779342200275429,-0.390205294166531,0
1.54955794863206,0.3380069976457391,1.0499759747065955,-0.574693701691767,-0.15244301531120588,0.944187834959586,-1.2401535540724726,0.5449720336097038,1
1.3340044761679097,0.1836429467348878,0.8712414242703308,-0.505551940894921,1.9457330389610075,1.9591186602081851,-0.42690589436844883,1.772112927476695,1
-1.9792524766837778,-2.557679737834006,-0.3992910617499062,-1.378564143602109,-0.23660552444832925,0.20565664059489883,0.9204144983406113,-1.1382639842752136,0
1.5996306861600718,0.8143896931522325,1.3475093099330846,-0.019771950753599832,0.9831351398621201,0.7964913515702738,1.0741822235037688,-0.19038865368222369,1
0.7428273399555535,-0.05966848056052859,-0.32774241666676374,0.6323153404675466,-0.29917347918958953,-2.661965337157328,-3.0628681231743076,1.272422160284049,0
1.2302584578796958,1.8873409462559467,-0.017528248282177424,-1.2926348019978913,-0.41958384265100146,0.011424515361312802,-1.0070382242851093,1.6485747229738668,0
3.4395028796437366,1.2782807007301777,0.9891362533018041,-0.7949669784744322,1.1464338961560512,0.9763068108490465,-0.9891643984106122,1.0811740886745376,1
0.6142884710108144,0.9468751731218186,-0.44246685084565995,1.587087189252434,-0.5044110411356733,2.058800860634012,-0.9011361778416194,0.4638002912160216,1
-0.012317428291957588,1.559756973018143,0.12416004597690844,0.013577626800771403,-0.39895281391746323,1.0212241836893565,-2.406096940217759,0.36919413451198346,1
0.7952302186437133,-0.3783380345239026,-0.2247317542133216,0.16240605084272658,-0.12596043254699904,-1.0305155023876045,-0.03634612366690454,0.9940731700058961,0
0.14882405273290944,0.42551811051418204,-0.38163132393507726,1.441381950490345,-0.4923582068378789,0.049800366394136764,-0.6077343998568225,-0.6036002148954528,1
0.16650446853959355,-0.6601335298517805,-0.0667792375573999,1.8573375839998063,-1.133118331282596,1.3662251226514788,-1.5363014199559215,1.359533745763219,1
0.17391799906868433,0.8392279277617565,1.0528513098689487,2.8278053364265916,0.23042528798016504,0.3070959856707266,-0.014951036349486024,2.738174470485208,1
-0.4296360904842951,-0.042482042568726675,0.7631024408867062,0.08291177285804896,-0.7327566983298748,-0.404232265593243,0.7039560535500122,-0.8226085984766193,1
-0.20021280962249907,1.0458305917606978,-0.03018485714585262,-0.979394166902769,-1.3486756563739577,-0.22999919602778213,-0.7570295658504664,0.20523109170297799,0
-0.2014511477241796,1.613035736887622,1.1155495231644645,0.689836394352477,1.0410767782400168,0.4622045016281341,-1.425816694733224,0.05223637165312678,1
-0.19252656952325795,-0.09096489479132862,-0.8306977366017732,-2.023085253033059,-0.5609290008790382,0.35982566628688983,0.13625830625349225,1.199554469825827,0
1.9554865439637885,0.7593337714584683,1.382520642408226,0.76677429226312,1.7098992559273836,1.8508536342912676,0.9511651707789268,0.7063801464245854,0
-0.20523217193736742,-0.041337280963909824,-0.3378373313502621,0.6212516108950558,-0.7203480373593485,-0.19110620977990994,-2.3551698851783,1.7230898947725095,0
0.9795254174136816,1.2555804373365769,2.4577866947114027,0.8002934374411799,1.0443437020934314,-0.3417378121513669,1.6973765895977022,1.6871101984887655,1
0.20920249248664097,1.4250793326254454,-1.168634885989372,-0.2886148787694938,1.4442503964023794,-1.8670601808949647,0.5604577749588049,0.5321761598451539,0
1.9692258168221626,-1.5829554197222364,1.6096310570316332,-0.5594707431489028,-0.4470094599118548,-1.2220043869597932,-1.0878520374669252,0.4035223474539224,0
0.08766808521864444,1.5402843336529155,0.3370339530302465,-0.7130338058486476,-0.9278091463598945,1.236707191756306,-0.9773532619310193,0.6342101183327984,1
0.696207461836084,1.0824214516169486,-0.31009530858943096,-1.0442220155761586,0.07609447892251621,0.47064958610407176,-1.4607253059719505,-0.890608297007585,0
-0.7191868959629409,-0.20782218872037653,-0.7610339036267858,0.7070407250968996,-1.6051332014584174,-1.5797186971944246,-0.3338888115114624,-0.17565280413985668,0
-0.25464387285810375,0.19325115735243525,0.5989561825809107,0.1067020529778544,-0.2481185167107086,0.23842111557643808,0.7778363000082735,1.0882046397335723,1
-0.8071135206413219,0.09451149336757297,0.12401531860560501,1.214721474497781,-0.6003824289163511,0.7673386977205734,0.041854475782477606,1.4915665164487661,0
1.290891452639408,0.19697930459260035,-0.26228262101606054,0.5066059096794557,-0.18045002712716604,1.680307105978335,0.07847007817701199,-0.4056426325128372,0
-0.45961508607392565,-1.2130355851987074,0.5565591280933229,-0.8200112026395026,1.098148252187747,-1.2929350540015732,0.12724144897325032,1.1502237584974535,0
-2.1522470646236362,2.018265543792186,-0.4252851971981094,0.1410953821621393,0.5714492255163438,0.7261290561155536,0.27388393825968216,0.9973845837063676,0
1.7190707129218126,2.5608811400323037,1.5223275428545973,2.464635519883087,0.5010788402376559,-0.9057501257682626,1.9111026783878413,0.025655891522781138,1
1.4955440152017352,0.026793443119438404,1.0610902576025796,-0.688478910865794,0.6257445430895879,-0.25319054539440544,1.5790031115898886,0.43866816741700937,0
2.135942641301566,-1.3640768714730702,0.9144273202113747,0.9105516350582958,-0.17638509356029283,1.8611572137178505,-1.0659042451374545,0.6487871050346306,1
1.1812267644149919,-2.278689003445357,0.5893505016383412,-0.3338848259935533,-0.9123181245536214,0.3365442242759801,1.2274512968086555,1.039143831484181,0
-0.13511303090662863,0.8757409637609486,0.8680678984458442,-0.08737127049316686,-0.693080551988208,-0.6352340311223299,0.837853348868137,-0.042146813712690696,0
0.15381778026941162,-0.8848628355091248,1.8318314520963794,-0.046778422264223796,-0.0696122443440183,2.1397069070691237,-2.008924476853485,0.5548626194871551,1
1.0293058537811302,1.1797428756279607,2.2391599984204347,-0.8294518146624079,0.16979794870576692,1.9315237749937015,-0.8863770639567827,0.4625530071068764,1
1.6184493689849222,1.1448170778897881,1.5823526073671226,1.0612805264012168,-1.3819723056156512,1.8902664977049435,0.4667831621902383,0.7860828936902982,1
-0.29415530654966693,0.6852542939999094,1.1944058769405683,-0.6446002377868172,-0.7601380635770134,-0.5093693875585418,-0.09270777501355598,0.7659553149020513,1
-0.4457831648142445,1.1514648615819807,0.9434910526097088,1.016414282754405,-0.7915324337554278,0.09852059925697587,-1.4708446264578068,0.06182978345159529,1
1.218825096581047,0.9479584654247921,0.8092801221918972,0.07668045100348087,-0.7514032680054819,3.407724785506933,-1.4707251514982087,0.04202799145380742,1
4.493854108368148,1.2210133024605525,-0.3799806659036957,1.3426872039772633,-1.3100388892011476,1.8090615078050971,-0.9109622793706814,0.1602041505105926,1
2.8091649688275826,1.366401352659245,1.9729894374492074,0.9349196795199464,-0.8444445237930985,1.511354420258208,0.5092153926844607,0.7347380435175533,1
1.8016426043465061,0.8504872032019086,0.2119825497716119,0.25148653101781787,0.13723712896762474,-1.2512387855949916,-0.09007219580860511,0.22118648534116717,0
-0.41608512126652875,0.33767701870469485,0.021307490355111102,0.7736918910987685,0.6631123810657311,0.16715328758484124,-1.3672128913019983,1.7907227386811706,0
