income,age_score,usage_score,tenure_score,support_score,engagement,risk_score,loyalty_score,target
-1.129307690449805,-0.6428929870594536,1.1946994850582215,1.2353456841093076,-0.4809344222543422,0.22958101464648406,-0.09912338317140491,-1.2467258141034618,0
1.2904277745335613,1.1706578382820176,-0.06326756904701947,0.7391157706095435,0.7330500123726486,-0.8121058422269184,-0.506712257079687,1.3898007243572912,1
1.0319814395777285,-1.1110270547282617,-0.3863942093734174,0.04081453171251576,1.0612690943171197,1.9697997908241631,0.22968751269249785,1.2870695428060697,0
-0.17324285307458587,-0.34978272287496887,1.086712752182847,1.6399534347386693,1.885516889593591,-0.7149609874130475,-1.0010888316355955,1.675991994169099,0
-2.1214460285662455,-0.20922459663008913,-0.6182796246834463,1.4104774740951456,0.1403589931752177,0.5398858696185539,0.18163911238026195,-0.25449191120323367,0
0.5871118531598549,-0.9369841189429324,-1.041162154507396,-0.4306146997524102,-0.19399631525045294,-0.7289040471218,0.11178769780239309,2.2134609731470873,0
-0.26992932873296654,0.9044900510827135,-0.30209271146430755,1.170744806182237,-1.1501624752700548,0.9018142739864692,0.3554831238800973,0.41504742577810483,0
-1.2633093037509249,-0.4642417272634356,1.3643586011127329,-1.5292183823230867,-0.40746115872131494,0.4558356793669678,1.9669576425553545,1.2086937739819437,0
1.3714858169077782,-0.4670615013036851,0.19127737443546064,-0.7449587999124252,-0.3093587826779222,0.10978415591268867,-0.7599758092537459,1.3158047005705968,0
0.041471041977794526,-0.3691110854850069,-0.885705703400347,1.2528595097667163,0.6487797386766557,-0.299531031838879,-1.2149553036191312,0.7851016930569178,0
-0.17154161541885277,0.9406722922470423,0.004118741078873938,1.4052487108266123,-0.06546874087500926,1.5739957173668218,0.7896510166722152,-1.3556430375236759,0
-0.3055892768878837,1.54623010056386,0.2687281202511201,-0.5336493800936146,0.08359415539880184,1.1447794789519228,0.37216205752073606,-0.19470337226193948,0
-1.695226967660514,1.6756936065774626,-0.9298992260040951,1.056590914140502,-1.5518507067653555,-0.5558747784805602,-0.8692510218008466,0.8531474838067373,0
-0.5808204150444121,0.5653671253477075,1.741154543767276,0.12300387562790657,-0.8904169083698679,-0.31652666353986286,-1.0082484098570939,0.8380269239807412,0
0.6963204933722316,0.30287859015901386,-1.06078479054414,-2.1983406717162253,-0.35744970045555574,-0.32931889729787567,-0.9795446182833869,-0.8982173703643005,0
-0.3792374710429711,0.7842468589223108,-2.0922239584422986,-0.49911158222339963,0.8980232456460138,-2.18040642070143,-0.1614021537514237,0.0312794656748953,0
0.10321867539239017,1.817117562092815,-0.028008399675072456,-0.6903868723527651,-0.4500197666462911,0.04002537735277825,-0.918417402196878,-1.545098234413913,0
-0.8079249955809494,-0.2861122382917793,1.6533517786310787,-0.6390965971541446,-0.6059693612314192,-1.3813791759650729,1.3400688636240567,0.3679976024191614,0
0.8055035627581406,0.46991571347074923,-0.71216451184042,0.20769239564293343,-0.9884219289384245,0.47351687877372817,1.1980134538166909,2.584233679399965,0
-0.8854129614701284,1.234861559947736,0.8786007534223577,-1.1636407523818262,0.24437037512974402,1.3630435563676195,-0.628373106253849,0.44154283777033954,0
-0.15834590121955744,0.35321065891114656,-0.7280303811904436,0.09184274688429711,0.4810418701124291,-0.5393223730512999,-0.825268518111454,-0.06472650838300835,0
-0.5011061950530017,0.03648143121740445,-0.7556768424654631,0.8964158781569785,0.27133547829926263,-1.4094019307469796,1.4565348929609567,-0.8322336710693631,0
-0.33793200409560964,1.1507648407067836,-0.7938040234072671,2.061649682512918,-2.3264536535988523,-2.8886541201914326,0.22367414541480346,-1.435561137430883,0
0.08112974475025139,-0.8426197969229673,-0.300891422113882,0.2892591007683865,0.09972398089644381,-0.2535989234406218,-0.4748480751184606,-0.21293332659368597,0
-0.684745883392413,1.1794237302513089,-1.064162329050568,0.275027061120636,0.3320383722009639,-1.7766747974813446,0.31899168404834827,1.134006819901236,0
0.9802613179041302,1.4744573622360122,0.9335225954992735,0.6612907964024091,0.454780091204408,0.7334166676277002,-0.13439700231588492,-0.952034540771182,1
0.10033846754038121,-1.7724627181936323,-0.4158523857523184,-0.6833295752820653,0.4141146434708084,-0.4226575005467476,1.8595549423648123,-0.39320431926221106,0
-1.0606248125059838,-2.085277113185727,-0.025257979442977037,-0.3351681369925308,0.7697543912924357,0.8735087310831501,0.7692921011818341,-0.9212147417572294,0
-1.2431571158930752,-0.42349501954062335,-0.9098534868474963,0.1340050939087656,-0.29995137472298083,0.7138710213108397,-0.526185961416364,-1.8529131041442848,0
0.685057433882103,2.5728064390299643,0.6383220385279795,-1.5582019131374032,-1.4879584908959274,1.6022518795956195,-0.13724442166333364,-0.011162931567942947,0
-0.5749242386900646,0.9922394796781905,0.21024910248816442,-1.2052446220195503,-0.5028527146200841,-0.2900626949638679,-0.4753697930826873,0.7424167060449729,0
-0.8727303491609256,-0.4299883485212173,1.6425475318325042,1.7394338448682145,1.901193459510851,0.41838970805988707,0.8395138402583284,-0.7977872402638141,0
-0.7001830092491091,-1.4886699037085842,0.4976819712324434,0.7182111813469335,0.5973711800879308,-0.32654865669973954,-0.37804713744375684,0.954028473250796,0
-1.0066578316951462,0.20802268916731656,1.2329624124592824,0.5370120301973637,0.4121304166301059,0.517811373350004,0.4792370288708982,-0.13014328220327603,0
-1.6746662135266694,-1.8629717458291146,0.2748691300160449,-0.23178178827973123,1.8198691098653026,0.14829369986709026,2.1666479507371514,-0.8258022602399693,0
1.4543227106390433,0.5159945331342537,1.3756869505626788,-0.8253416570213056,-0.7611830875997434,-0.5110563328065325,1.5344057115376184,0.5320311008931724,0
1.287781883280031,-1.0607644205280102,1.6913288644721156,1.2845932268690898,-0.5913368012936169,-0.7139647673636234,-0.03580533305831813,0.5761140326576495,0
-0.16320967441118073,0.6477308022336092,-1.157814957581505,1.3438545488846192,1.202715878589198,0.9025244224038834,-1.0216471031777037,0.982628328384233,0
-1.0998374814322038,1.3989252370997425,-1.2485192060122134,-0.19507196103537167,0.845692480342454,-1.0383591554680658,-1.9060570200889733,-0.51963368532825,0
-0.47760562980326454,-0.4609508753698491,0.1229880129401688,-0.07889581504779936,0.04941627989070767,-0.8820150322907969,-0.4630581031079649,0.40982643614619746,0
0.24031163435972613,-0.3676757914946547,0.9289355304568464,2.721199515663951,1.75880102501185,-1.4885298662342907,-1.1776616629857493,0.42346086936934546,1
-0.16049377454586286,-0.08556224948654634,-0.6415689858176806,-0.23577009601538368,-1.1982840718610364,-1.6505980137181162,-1.1494805825477303,-0.04060072373901568,0
0.6098626813971162,2.3263275074376892,-0.7031747649636279,0.9533804573177286,-0.08434415557088576,-0.396887463900141,0.6591584400106169,-0.1641878442164004,0
-0.7889875161052061,-0.7481745632814722,-0.9961610491898207,-1.0979546136330294,0.43353869841477527,0.18671811365489493,-1.133785298536118,-1.5101346869492118,0
0.9313514636194017,-0.2129764383183446,-0.15583898325693274,-0.18775579316174715,-0.15439878711197294,-0.9327507478757368,1.1343290865027436,1.0550120827170055,0
0.1215711427323512,-2.6144985480616088,0.02290490882596786,0.025197470179655984,0.6058133663823585,0.47158125378362237,1.2020874743923942,-0.21494404846221807,0
-1.1695357666283976,2.6020194129758303,2.948735691001303,1.067249908966355,-2.003358104562741,1.7380185642748485,-0.7520826581364967,-0.6256713123149084,1
1.9199647673026554,3.4410752401148583,1.1503954149189766,0.4834944838965986,-1.4877915858734805,0.4853283836650049,1.1673879027851723,0.31252482577880236,1
-0.5457629632144813,-0.5144564760140211,0.32872746570555855,-1.0912616992521265,0.4701796332832933,-0.8100616187650261,0.6571664886286895,1.7191736995028621,0
-0.519396751055864,0.3424539342559453,0.8682618135715156,0.6952732094175289,0.535206281144871,1.3153922396993374,-2.4329734723016974,-0.14561953019535726,0
-0.9399028857295358,0.4078016309649765,1.3787673453554556,0.271852434416311,-0.5413376626535054,0.6250182766982205,2.3900512661578723,-0.20220847596203959,0
-0.1393511457082205,0.4800044207192327,-0.09143954573814157,0.9927955679190252,-1.1411656397194516,-0.5305845793205195,-2.39452094976833,0.09633673523919252,0
1.4439595074132616,0.08309759073183487,0.14779750658683144,0.7869885057838016,2.327008015003311,-0.38085579917342416,-0.2260770293408812,0.40467831667131904,1
-2.5215306774227244,0.9082807439786574,0.13750849587082828,-0.7344913964356922,-0.10506332085761011,-0.6199264116362626,1.3818719251799716,-0.8429094807319215,0
-1.6330251764035857,-0.04877522532641745,-0.7019124338614364,1.762237143915835,-0.20228845355134,1.329872664288497,-0.12268565594235094,-1.44996800139397,0
2.357756065949623,-0.6469630501567342,-0.4755126359276454,1.3084479841556769,1.2702078217737383,0.6039098896202894,0.5269608849795498,1.9948291721877265,0
1.7106705625549063,0.9900080400160265,0.23283300251458364,-2.17142564173176,0.4186420358248574,-0.42326664998628055,1.8726248814903774,-0.0814529795710977,0
-0.176880827235939,-0.2533618416253164,0.654910578171631,-0.27163263414479777,0.7413007413214577,1.4611688581374698,0.23447424997227878,0.8598592936243973,0
0.7808461914094146,0.7982167844560785,-1.4428519530473525,-0.6792817629809829,0.4825795564214693,0.5452816740041388,0.2157739190766878,-2.3726806230533635,0
-0.9179837881877235,-1.9303301234975974,1.7485815977335475,-1.5239445829417468,0.16597993555837956,0.8616021064442722,-0.857095252930485,-1.2591343048269168,0
-0.12824864118305176,-2.1847323821742957,-0.09854403902685206,-0.6529360800556745,0.3974955685012192,-2.0197932426527876,0.6510447969674796,0.992922869655832,0
-0.8656377728691418,0.37971912811865377,-0.04916141458479843,1.5934431605032673,0.7655978152149909,-0.07137661405421164,-1.7160983258662148,-1.342185153969778,0
-0.4649435253627676,-0.8359510736539001,-0.6616753956225848,1.14114182702506,0.19068736875265177,1.021295080463908,0.02305655414748868,-0.1230024309939514,0
-0.6815906100887787,-1.1889075586038564,0.15269491747326838,1.410733030672803,-0.06199735984960305,0.7512364356745638,-0.984610867503709,-0.32377016020066884,0
-0.018797895168898838,0.22952177755062922,-0.03871925076932105,-0.019085779946793432,-0.221751337982264,0.5062569052799375,0.40827261746306603,-0.3906295004422591,0
0.3720162436605069,0.03851034772872797,2.702894180979826,0.8315050832143691,0.5219781797764826,1.7244733257689489,-0.6044387088839311,0.9448388884461246,1
0.4184260773957642,-1.504951530868877,0.4308741076435689,-0.674857932466826,-0.7341072922212074,0.28847336883783187,2.7859248128345726,-1.6874674126472444,0
-2.0358637836969695,0.10321810067268511,-1.9970326228600623,-0.14321641193916324,-2.0863132500698947,0.4496759223312099,-0.05888985611265246,-0.9272566549515217,0
1.215341057736652,0.19001570227121656,0.6286779338194177,-1.1737554219884905,0.3729678775925638,-1.141124838126746,2.375093350896736,0.9252331637485759,0
0.18338187948342724,1.0919171233739424,0.1592560699774325,-0.17850704135767861,0.15325926412663776,-1.7955490300246075,-0.4423461310063287,0.22518569001145836,0
-0.7334020792674483,2.0923556161033563,-0.36138928571561024,0.25221112645561405,1.9878768364796655,0.7951343801589715,2.148321714660086,0.16105086453809297,0
-1.5120354830280525,-2.482244248373442,-1.2491651580927163,0.21525723164822827,0.9363230672882369,0.9985471486001064,-1.3341408774044758,-0.6807868669913993,0
0.448766762160589,-2.2237382101997953,-0.9110430286396978,0.2181094029921148,0.16306068041646293,0.9238729246805965,0.08885051142852918,-0.33451279524241745,0
-0.9192281820211035,0.2910394993326239,-0.30276822989664276,0.7536294006000572,-1.3769263266386687,1.777815318555742,-0.7248776168400155,-0.4189882771311695,0
1.9054180650678747,1.4354857066874822,1.5289044234538673,-0.11933202548345934,-2.572131485352206,0.710933328289255,-0.00614141288475778,1.0265827337345557,1
0.9400065497653383,-0.3829317173547948,-0.8036078327900289,-1.2162161956932012,0.5653201871087533,0.21382067336291866,-0.06230595126575879,-0.08451284560353649,0
-0.2914750746234518,-0.4165482781275567,0.6569635699631415,-0.7845240511514567,1.5163482992550288,1.5130584782203396,1.7194113070130075,1.2355296849648427,0
-0.5834556978737567,0.9382395251734226,-0.1061534553012443,0.1174587818456219,0.46430904276909946,-0.22235549045416766,-0.0011509088002154887,0.7389657006766034,0
0.9493664516107909,0.7899581180861341,2.5363083388832304,2.1292898666729907,0.10071467900294474,0.13847343268293552,0.431386231137508,0.6499659405557241,0
1.620090575883465,-0.6835313889337532,-0.6009555376050657,-0.10604723232364023,3.035759444364334,1.3390396386599253,-1.5831999716686809,0.12935476392124923,0
-0.6299346096636564,1.2403595898693915,0.8196726652267331,1.8430672503464167,0.9555737524707745,2.6299322693585396,-0.3145095975771906,1.2955393650791822,1
1.2220597409291132,0.6994186610200065,-0.7541171774076727,-0.8733008791385383,0.5645738555628897,-1.598311189464815,1.713242658051609,-0.8858762368641632,0
2.454790933768045,0.628860286028542,-0.5005786367241998,0.7855881702488443,-0.6891641086769706,-0.40487369241071136,0.40525124965846593,0.7311961353962866,1
-0.05100749884480381,1.7459604434913836,-1.4698161424180445,1.565072656095566,0.7363940277721771,0.41875909871832545,-2.5377470915640377,0.5250887065647596,0
-0.3182064290319731,1.636983532335911,-0.060822005062880734,-1.4319121654869182,-0.5485321340485267,-0.45328378169393396,0.3736033260005157,-0.30239627023028826,0
1.1339493412137334,0.7652144298193738,-0.5650653644652714,1.9306080058435937,0.2822281822692472,-0.9984148929057343,-0.5799349415593764,1.4046727116820945,0
1.3209032436266064,0.9100142483873326,-0.948076999089028,-0.7385818928671383,-0.4683569887281389,1.5837354089965636,-0.0005495756438747294,0.6881408461870004,0
-1.5374998448656376,-2.335061242116135,-0.07060396312698024,0.5288933654122193,0.16327068702202432,0.3967845460631201,-0.1852542001834248,0.21783919610958533,0
0.44574843255855545,-0.35212892467573964,-1.2806146097403082,-0.29454314507520024,1.2872986922549388,-2.3612344161235126,-0.642457688894623,-0.0026144178666096087,0
-1.4398373509689137,1.5923845368018101,-0.18564895927868286,0.3173491493136018,-0.788842131817466,-0.6107157568134532,-0.11762264624504833,-0.4773225880525677,0
-0.553791747680908,-0.9233496794210696,0.5940436601043373,-1.4854157047125685,1.1663126110975364,0.36960590861290027,-0.23702474641110272,0.5923430447066382,0
-1.3315245517718755,-0.18061016043975517,-1.1083127040226697,-0.0749866546142186,-0.6498603664237792,-1.1700647083677906,-1.0598381318745174,0.28367219375571073,0
-0.778091185518006,-1.2510397569589418,0.08895265960083637,0.361634606794935,-0.16255997706830438,-1.333824544872329,1.11076598502373,-0.08148127811858995,0
1.3923617657669816,-0.13579257485716728,0.9044495678231469,-1.6872849399671828,-0.3924927871019828,-0.47940089484530707,1.7354108230501626,-0.5980998088726244,0
-1.2650380993698709,-0.5641638279686274,-0.7807358345767783,-0.057423017753359486,-1.0237853943188435,-0.9831238024889111,0.7196713819651418,-2.2876889960650746,0
0.6874458416283259,0.9357643288577034,0.9313799979581813,-1.6843106428687924,-1.5068773380377312,-0.15933353003503048,0.02703981907616904,-1.5967067052369857,0
1.0787571282023816,1.660556182113409,-0.6578757724619958,-0.3747809540873004,1.7723450308929962,0.30215867738983937,0.2876259924234804,0.16492693857818727,0
-2.0302394040536256,-1.0423263123719875,1.298365589869183,-1.17179996409418,1.0759657139341605,0.6151077438728239,-0.9047675072062269,0.7494954791566567,0
0.5110467941024153,1.9007645089575194,0.1527160712297633,0.14897956257419823,-1.1215112855130498,1.9256125935076778,-2.213588354949047,0.120205772806097,0
1.5650924035953773,1.2294107531273366,1.4465830521436085,0.4207812617442279,1.2242449670228446,2.0489686425521962,0.2890297228846235,3.0428132246220447,1
-0.6954792688812168,-0.21265956429489213,0.18399910057411448,-1.3559549118272083,1.2078758784608108,-0.42252642828927445,0.10451920044385313,0.40011906277920073,0
-0.016802597737152515,-0.9840228215586994,0.31821221194131777,-1.1366822175321127,0.027615640568375704,-0.41869459630725886,0.5834190815782284,0.5307486640122373,0
-0.2943469477009607,0.6238602394347081,0.6900999315951117,0.6507631411029443,-1.4495966074671116,-2.5696727335730745,-0.07567201036750378,-2.2630674445249634,0
0.30288309677363434,-1.526191711077791,0.4183045989984366,-1.185504952020294,-2.051935223012458,-2.021433016775556,0.18407975667167983,-2.0745593781628346,0
0.5875436819110238,0.20005568332235454,1.4182119367696864,1.351922396735068,1.4645263612142263,-1.193637951056452,-0.4657831749168138,0.7804304846442311,0
-0.518428225817228,0.12267083589869875,-1.35998712498684,0.496672720230645,0.02062675865726689,-1.1062721696073359,1.2999301032291284,-1.1742148154877814,0
0.5723018878512816,1.1370762145587259,-0.04120359933984636,-0.08613917274667778,1.0469902778087685,1.3724690492785185,-0.08650152985431522,-0.6598904411753358,0
-1.1682466913852572,-0.7044879214088364,1.5646122685506272,-1.8323260078668306,-0.7227439681861035,-1.440386567628199,-0.9994551396008856,0.07110424191533836,0
-0.11272092897122697,-0.4559346467864371,0.042773956140126954,0.1778211228065628,-1.620673037443094,0.10174763855210514,-0.822979657864352,-0.6953342531769674,0
-0.6253591646253164,-1.3222216108290956,-1.8942455317739046,-0.17058849796998088,0.42031022187023664,-0.5407155563852261,-1.4197144163336173,0.314655136789513,0
1.2038595356452004,-0.13928974931736635,1.7136153692586416,-0.3508522656473716,0.23695263150593301,-0.1557681360002043,0.7651470895983798,0.44267623319454413,0
0.9049452475983887,0.14402141404298682,0.9051281193547468,0.9151182417701539,-0.20928267237000586,-0.44343172781163936,-1.926576226188047,1.1266999630774235,0
0.27240119854093137,-0.9112774665814929,0.5516814577169427,1.7333547006415253,0.588559689239625,0.7190243231372544,1.0957259226354839,0.4482803641096845,0
1.1167568503467613,-0.5713617241393997,-0.17994418500312578,-1.5219620387746635,-0.319662025469496,-0.1862402309734701,-0.44094110176151985,-0.2840674757449855,0
-1.7074204192520614,-0.06167662677047806,1.012608096454167,0.8967733675184971,-0.09056928102658578,0.7362559794270106,-0.21774563878241018,0.6132832187233667,0
0.43080785791450094,-0.0958518068235701,-1.8140184480081274,-2.1578943453766364,0.555487644485774,-0.9877034290983614,0.7224069110918957,1.994997529413818,0
0.7759806333269238,-0.22136835651770068,0.9775502785862218,1.5816968809499756,-0.03364286352129842,1.2167839818406272,0.2603753581673624,0.4802537486740129,0
-1.0629456003334614,-0.2432204633332575,-0.7866183945541523,-0.29503749691102504,-0.6839394135430701,0.7493591902736813,-1.066986804520454,-0.7172351493231804,0
0.2822618595941803,-0.3526173322943589,-0.6211326549105125,1.202894343204212,-0.29930342104448027,1.4124274007597417,-1.0358640307656148,-2.8914674468958,0
0.06003277436342305,0.11830087570545833,1.512181174357457,-0.9877532358660084,0.17294361721710788,-1.0803761071043392,0.3822882141339708,0.9755825082193017,0
0.2335018044189932,-0.7767824682211552,0.30120136872064396,1.4543024177777986,0.8814411764195805,-0.5826005341955032,-1.2928570783289215,0.032258545970843655,0
0.8355993283647187,0.2560851272920285,-0.7854883693118355,-0.8597254378860528,0.6868578290186721,-0.10097612048240379,-1.220787069822813,-0.783597522776706,0
0.521293195560917,0.40543018230088473,-0.48349144288602025,0.48992810760831523,-0.3266584619503036,-1.1974068875416275,0.9006234215001679,-0.28447782565000707,0
-0.4511123990928594,1.8611827391349993,1.2164104470133348,0.32732331317267893,-1.387170192186655,0.8321352232473324,-0.013479980527958972,-0.5581001605120266,0
-1.8440343420046097,1.7998056909726696,-1.3302092349809098,1.4235859790779741,0.12523749397327572,-1.0531599017173896,0.5966568678251403,-0.8316150410145726,0
-0.8720486388326641,-0.14991845463246248,-0.3663001311167909,-0.9524959149716716,0.06437996119149338,0.4962546674743846,1.007594556842281,-0.9097956946865592,0
-0.27839609548896943,-1.3278708619501398,1.2379982025632696,1.2188795395365746,-0.38426838257585194,1.5053816704997443,-0.5865927484751032,-0.6915595297001392,0
-0.606305828512905,-0.038830796653574716,0.2727493321484953,-0.3514071490708674,0.5221282988975396,0.48076206143076383,1.5694430545300315,-0.6917869930566971,0
0.9171199815384387,-0.014132642432570426,0.8335513361132012,0.6309441641739494,-1.990908656313727,0.49503945717783665,-1.2896877954894772,0.7080190359442311,0
0.44466882719437845,-0.0806448537851459,0.7775164903035593,0.5898079504357497,1.3175178896692623,-1.190403925244694,0.8849980296117091,-0.5432445764154542,0
0.10001992338778669,-0.20282940009180392,-0.021412979322322293,0.5114152848850714,-0.1101965117404352,-1.2855287411764966,2.147985415578651,0.21328717458563914,0
-0.14750823069847985,1.0809973575938745,-0.22913614113057446,-0.47031560202771544,1.8475317442333088,-0.20921984819349282,1.7668485177054614,2.32462732381359,0
-1.184835126765416,-1.459672178959035,0.013469014005521198,1.1890646243954746,-0.6356288939482193,-0.4746497316580638,-1.3479129112985582,1.3513573985688616,0
-0.7529483034441415,-0.890917242220516,0.983950422804146,0.7766003609880466,0.18276856789414797,-0.9855437438794791,-0.2746477495654376,-0.5883977050859929,0
-0.21605149679277627,1.190609398661939,0.5233696984532888,-1.210139560232094,-1.4148045394031197,0.3766385241693453,0.5908617480831869,-0.6477094817636024,0
-0.9632252380975275,-1.6298187356740137,0.7999843788335962,0.563448762583765,0.501596452408629,0.609797537319795,-0.45490339204778346,0.1314631160373509,0
0.6895494126276845,0.3364236806279768,-1.1452227465113878,0.4228226709411076,0.09365502841361861,1.6861899435733068,-1.738762115980756,2.2341776077955666,1
1.325777253748026,-0.7537366053284428,-0.6418536724624825,0.7890614302884981,-0.06261487245994347,-0.47240915231892827,-0.5587434528563127,-0.221131756292191,0
2.4607178487004573,0.3681046034951411,0.9014670914799928,1.5111888612595943,1.0540442066777813,0.6407317788615923,-1.282799641131101,0.9321125318825125,1
0.6609878450884087,-0.8852454490745133,2.549486617046571,-0.5874865423505603,0.930928117294632,-0.7077337221303754,0.9291381944501315,2.0004623751717987,0
-0.39561911579590536,-1.70360000894115,0.5915346584023803,0.0867894712974955,-1.6156565308141875,1.7361979300063646,-0.43959263490136863,-1.1878052039551894,0
3.045029434208579,1.061548301483565,1.5325337680391327,1.0167092233401798,1.7427996280070932,1.1034136361906444,-1.7816192200385685,-2.0847613589017326,1
-0.5183606424331415,1.603156614786318,-0.6502536724301808,-0.5872036364152042,1.4853495504998435,0.5713605704219987,-0.5200906071439402,0.3546875155726393,0
0.05270302392937683,0.4991973582291571,0.10917304548635798,0.27930128301879825,-1.1909723776999996,0.8171355258115692,0.5467253868970066,0.6328073181160944,0
0.6574327706049559,-0.016678063770015537,-0.27914330915524876,-3.148944602877054,0.15021861012224694,-2.9599576431961734,0.37644354676889097,0.7249928392882868,0
0.6835581195027362,-0.18404752905521995,0.8627728640184218,1.3696343955404062,-0.24214969554743368,-0.10273173941936191,1.2810264237957578,0.2038292735901123,0
2.381434909936927,-0.2422794385074499,0.3631456618912073,-0.8617797036551877,0.2975562456476263,-0.46470988941727387,-1.6165053031210257,-1.9139592132195182,0
0.3845481888326459,-0.8306494524534238,-0.10916485669926528,-0.06923341364048755,-0.4358880745572023,1.6915266263282682,-0.22943103023315145,-0.5850162329917654,0
0.20900643723413725,1.6397698529372748,0.5818426960145836,1.7306106438113418,0.1295273279799719,0.42040804186427827,-0.2602605197670872,1.1475885165721817,1
-0.828330326127065,0.24669826388430846,0.3599597126374335,0.08964801364819354,0.6213466544874983,-0.13051713768338657,1.594571022140866,2.559495938464298,0
0.809661925064296,-1.0957031278773715,1.399275734149339,0.9725606004060547,-0.22537433089111691,-0.33624635099349465,-0.3075828704234958,1.475606845600971,1
-0.8034197608390511,1.8586033960031128,-0.8087310255329895,0.8071931392447306,-0.11288405200961674,-1.4257416615168472,0.03222022101633331,-0.08296666707068955,0
2.6936979798589005,1.1277528685100986,1.95244029543178,1.547963014667229,0.09321272641107313,-0.5705746996610535,1.8585732780423485,-1.0578597414976745,0
0.08983759065108003,-0.5423407914304259,0.7556525800253339,2.044085009043864,-0.16054004033391558,-0.986996407896167,1.0965388351634404,-1.5301027823860531,0
0.3969521129917183,-0.5581311936549193,0.5648331704029067,0.49437388213157435,-0.9526196274466608,1.931880431451115,1.4483316831657427,-0.8485106711194035,0
-1.080831019104011,-0.35348932612037753,-1.2630511737936898,-1.0205871139129223,1.0985470037185705,0.07846682610024981,0.7994447788554544,2.1962423234425286,0
-0.0692292097459218,-0.49362105413775437,0.01178274838634038,1.0800742800353762,0.2791783211756366,-1.8103978302232784,-0.630541345018831,-1.4233021147227445,0
-1.0200155057026465,-1.4955564615559693,0.5507948359580761,0.860270484782037,-0.1205629975132217,-1.0241196268409192,0.15261318760554432,0.049482676615304796,0
-0.9197211520225674,-0.8106594220459032,-0.09373238669406192,-0.24438319589463964,-0.5821700060033415,0.015569349941687922,0.10663454324442614,0.6594774050253863,0
1.1732369129078557,-0.3339959080631315,0.4436421094079669,0.725136284686337,-1.6967376713656495,0.024456922042641313,-0.3007479563383028,0.2844108964680936,0
2.0225172468384103,-0.2457495075252575,0.7917591510290555,1.0097084775334053,0.5801290273942908,0.5899580121921332,-1.1118957826918816,-0.10194158758769425,0
0.055077494838232384,-0.14046698123530538,-0.6833381822171565,0.673393190494461,-0.012375669364609385,-1.3350338674585793,-0.5926543588761058,-1.4266985029995032,0
-1.4486931839546031,0.7061408237124686,0.47429899234933515,1.638554247866332,-1.2283281748250021,0.5378459695583886,0.5151273326943641,0.5781480277471933,0
0.7021998047383246,0.5739016763277034,0.06628938066782462,-0.7434381688839394,1.023272997694995,-2.493167127871738,-0.9867328816353128,0.10563767939368993,0
-1.0269607333658863,0.26633092267850744,-0.9364016329851517,1.40373653104956,-0.5480674024973692,-0.8050648958982107,-0.38581007030521786,0.3850393643781426,0
-0.6592531345288983,-1.2239290390854016,-0.40229638145760344,-1.1630387601088954,-0.27375433018330014,-0.2449855912229097,-0.7241115311019349,0.6103939982207588,0
2.201364994262766,-1.056213238177153,2.812426677109463,0.5656811178850154,-0.13922941789129073,-0.4861775440207067,-2.7922420881197665,2.416857591474771,1
0.2350409271801335,1.2070452675571157,0.6436082107675347,-1.1500018736124493,-0.12150832772633369,0.06237195717524742,-0.0006893747913019492,-0.12430027830455295,0
0.7234722504898333,-0.8825421393004543,-1.0209658446508896,-0.4889418746638224,0.2719053932727726,-0.6520152347989563,-0.248724518728236,0.8705069818255763,0
0.6186179559317605,-0.5154147663308498,-2.773481648358542,-1.2490414415141005,-0.09751580310546859,0.49913017774995416,-0.9565807109167436,0.45635984197924345,0
-0.4544524125585635,0.4221962634288811,-1.2995501349753489,-0.24874941689828467,-0.22557057244472956,0.41597984145549516,-0.7370822980464733,0.17287626722832203,0
-1.2061087501175225,-0.4433765465907272,-2.4191859121059194,-0.6976680612142996,-1.1174188444885025,0.450459816330909,-0.7443969049026927,0.327790057706869,0
0.2803242443291899,-0.37141782633117637,0.20332019032370208,2.1411044548349927,-0.42398831628892575,-1.2221696895483307,-0.6125734208572315,0.2673537829868723,0
0.47993574304777087,-0.15171017919113786,-0.08910975739416228,-0.14479899274210578,-2.4797610786559163,0.5194467720106474,0.13890267032522194,0.4311492802997257,0
0.963186102179496,0.6831606054826866,1.078939174716365,0.015873711776051236,-0.5264461100966809,0.5801045566776941,-1.538180616748057,1.2041932536512687,0
-0.3334623179450047,0.3877362571450589,-0.6810844224866149,0.023633483959246443,0.8204839433150154,-0.9987490189494527,-1.3241162625273226,-0.18028049145486658,0
-0.9804496767775135,1.4009416833061257,-0.2505187226559667,-0.11176546662016584,-0.0664532569908824,-0.9216337194602545,-0.9476835605840714,2.106416591794075,0
1.8028286955710653,-0.4531935696241631,-0.0018386984105477832,0.6026237011042365,-0.4657017070247895,-1.0431423207853943,0.025369737567657476,0.45106039500126277,0
1.2536402953382981,1.5081773846462143,0.2754437694203668,0.655571285694444,0.0936402656804959,1.5047689411092022,-1.0043624461651757,1.1970012514513628,0
-1.2195164544221104,0.3687437007648538,0.9568143417483281,-0.0062177754906219225,-0.2804007167577039,0.8110535568620011,-0.008822682918537168,-0.8647593372239352,0
-0.935866336636918,-0.724941470758081,0.44913324641241714,-1.1138918527466404,0.5853478879224641,-0.878704367214587,0.2675412506958004,-0.625686802968691,0
-0.6977659038557087,0.03959725520018175,-0.5630793119920693,0.4356370200414502,-0.6341491204610847,-1.9026170756671006,-1.9948757492249067,-1.4626092669901245,0
0.8103189261621956,0.08687705999249619,-1.095109327128551,-0.4471229281735181,0.9687371136889638,-1.2982931215715232,0.4697297219195281,0.7383444486124322,0
-1.4724677379984603,-0.2764231788012721,-1.6560844320237889,0.8025417893320173,-0.5520024285060287,-1.3364424859900355,0.046226758929334644,-0.1528045506562775,0
1.5069792129975539,-0.6388730122045148,2.839769112007526,0.8429120985158168,-1.3091023064904737,2.3468740580018763,-0.6191114424205809,-0.22433474834950118,1
-0.3692309536488156,0.4342342779573226,0.4970981090051549,0.5314247334280193,0.30384794750133587,0.793412547327211,-0.10750468106897855,-0.2944491404434306,0
-0.0967386266012728,1.1053756397986179,0.24033215279452494,-1.6848080157362384,-1.1289170102187274,-1.0110923143094137,0.07107688967026692,1.5876033592914198,0
-1.6027272915378512,-1.6807430860128718,-1.6082533172374027,-0.12879928173253466,-0.6452670542398229,0.7603191727532649,-1.8620637291786668,0.3339182667094823,0
-0.6473336598662834,1.0489912663761574,0.02405199600468974,-0.7399763602154472,-1.3554230158499636,1.1366263187448953,-0.5194392578388776,-1.2886390356087545,0
-0.9258202625556315,0.06919462914699617,0.17695840500606455,-0.6554410779584997,-0.24909470436585493,-0.4589132204520398,1.104321658008177,-0.7306025801447457,0
-0.9103228480667583,-1.139858478670232,-0.32321825453595954,0.7622290054083514,-0.03893403817646827,-0.09362590133935936,1.010904431818208,0.7362094396723619,0
0.16987073253389806,1.9113793550242542,-1.5493171325397357,1.2197848266242095,0.6806697840709999,-1.2928567237439512,1.1679976875345066,1.1635382548641282,0
-0.18259162553833472,-0.8246994594276688,-0.5802374163066367,1.3197661104411027,0.4692814549927631,-1.0702992622874015,1.4429671442012246,0.9364164806189785,0
-1.198601550042775,0.27288026788800424,0.0029396575355114213,0.09898386164939464,0.6798339152666216,0.4400840219028033,0.9106843394082074,-0.1600783398687678,0
-0.3242073513166394,-0.12371078959966096,-2.8463485176290346,-0.24812764239873913,1.2610814834347077,-0.6783334782002318,-1.3359767674597816,0.4688811707220653,0
2.427642736347779,-0.46458367599997674,0.4469905251208761,-0.47512563066717395,-1.2582676576302854,-0.45202554682999674,-0.4327964184288827,-0.351113782530197,0
0.045395863783807,-0.5269105423213103,-0.4638187731444634,0.4130175529773966,-0.41004944967762036,1.8518723797308443,0.163396302235167,-0.2739420570015114,1
0.566689593451547,0.05847008130044984,-0.375254921363706,-0.07340751250036548,-1.930517750983903,-0.9005862802893779,0.008462409842383334,0.516926596646145,1
-0.840802023000759,0.46800680420090995,0.5397663979911873,1.3163401372370487,-0.4647023745854466,0.10272084661157133,-0.4341259699296471,-0.6295311186116901,0
0.9185030432450391,0.3827801813350102,-1.0638448426455502,-0.011035219563766206,0.5605910568952971,-0.2189093868520784,-0.11413339241826377,2.2361559219202647,0
-0.8726078286874912,-0.6511202703178786,1.4148273061006016,0.09116610538850685,-0.16959066352883798,-1.2573766090976963,0.29228131791777456,0.5101272446376279,0
1.0959462825470425,1.2692768218802524,0.32634951589086886,-0.6547294266803765,-1.1951786078230882,1.4749299475399995,-0.5741088522860374,1.1594514297370384,0
0.7244810218081764,-0.24569366945501536,1.3942405274956071,-0.04548925520648123,1.2717698163480233,-0.2229463005886688,-0.2934445701686243,-0.08680397020580746,0
2.075883353508705,0.4185812802746118,-0.008424662397136386,-1.5691266596424553,-0.6879739983908055,-1.2537781674706852,-2.0288409042418265,-0.8474879690288617,0
1.9307922130516442,1.1380139523893484,0.9952682818091456,-0.4591278726035368,-0.6145676531118808,-1.6548956119177511,0.8680603226816866,-0.3264490961393201,0
-0.22308487171489252,0.6516893277498409,-1.113168143317082,0.9848831284073876,-1.6201022111243655,-1.5634032929979091,0.9740625006141883,0.31544668678531534,0
0.18349012979563506,-1.957008282733211,0.7614585390096842,1.3369485303147826,-0.38006524352353843,-0.47064324082921183,1.7331498804311967,-0.8120616005937216,0
-2.1405802066811037,0.504231625013159,-0.8044484813373723,0.7244151702657231,-0.6979671852504488,-0.2827464096378906,-0.4417875412500198,-0.7320223633743064,0
0.042068922640416014,1.4204064052985763,-1.040294389961607,0.3723071346722849,-0.6016919420849399,-0.15379907860860603,0.8206607348015701,0.004020853164048964,0
1.584566164236134,-1.5192675561259033,-1.7970675470809883,-0.3209332280724471,0.20866160887658838,1.0019704946746832,-0.7100281705421896,-0.08938846022098189,0
-0.9915755737667111,0.9094226847934815,0.8979129006590982,0.23203476506054999,-0.11959607333638085,-0.08429490929663802,-1.0582899231581384,-1.6222389151452048,0
0.7895562409680984,0.4108185595830052,0.2955815790290555,-0.7125446643228077,-1.1789273360847774,0.7338975930720323,0.2287590279930729,-0.2947320086419732,0
1.1572150324014818,1.6068569348681405,1.5691816652180852,-0.5175712673671583,0.5070135473016154,0.872871410017057,-1.456904046338684,2.535525923864081,0
-0.6120601844168472,0.8232716092885479,0.669808041637343,1.1718398132724452,-0.17820404460283246,-0.9504757858448168,0.007060028280709488,0.17928039753528544,0
-1.1366831828854367,1.2703790649155728,-2.1198035667095025,0.5743449288724014,1.111601926409665,-0.5531579200627205,-1.685998103259397,-0.16246128126548476,0
-0.1907172899163495,-0.4455152900326994,-1.2381874444279397,2.902783371122064,-0.14344635392619773,-0.617768125755908,-0.5782423770921399,0.5207485346545585,0
0.06816293145550302,-1.3958152785826539,-0.5132336944879625,0.36629829843673584,-0.4971360944125516,0.7923821874017702,0.3132441025989579,0.9462662062414845,0
0.7631427200759436,0.4403599720315692,1.5542083941835079,-1.4205212336531645,-1.5847016322404568,-0.8620578528471442,-0.39014490659938045,-0.24422891381091236,0
-1.8580288323403655,1.3112537986611792,-0.034153792716865077,0.1499123170474679,-1.172645868005215,-0.3057048644324431,-0.45938395606431087,0.22230889725624442,0
1.0345369639652735,0.025998065248818963,-0.8359414797457463,0.2852798801893657,0.09364042980737079,-0.9350750053519268,-0.05326918123279148,-1.8006265314628367,0
-0.028964694695172294,-2.973776717375659,-0.48865295343031767,0.733887703077363,-0.6096792616995059,0.13169787924576135,0.17224345386772463,-0.28468969944415173,0
-0.08013800609788602,-0.48730851809634035,0.12734750756194047,0.8540640156687037,0.537878995401157,-0.15271570940148604,-1.416309762939175,0.17095704180703314,1
1.3623407029209853,-0.6756008925510238,0.9708747389108918,-0.43910708858890185,-0.3761282485638052,-0.5721704060816404,-0.22928527444805624,-1.1377081875196926,0
-0.17158487654872495,-1.001295090946598,-0.11394089347066731,-1.952222205313483,-0.7150733505605669,-0.3571686139747487,-0.5412397290574541,-1.9217451711408577,0
0.1018107221533216,-1.5944923325430922,1.9832969640566072,1.2762975934768706,1.782238316467859,-0.06746204724199024,-1.991287402139044,1.7717885136651936,0
0.16575894758422907,1.7806751228475974,1.2153695283339805,0.3336509130750531,-1.0480898314086153,-0.915483000318418,-0.2515075503552605,0.042866035667830864,0
-0.15347421493822966,0.2711460007159434,1.4366853895498006,1.829828397769726,-1.661335143262139,0.47249075794133166,0.9762768440639474,0.14106908357214293,0
0.5196835850055127,-0.6743625041844628,0.09065448072849377,-0.14229001529051022,-0.70153235592225,-0.49699823883358896,0.4304388564081436,-0.3353067976306633,0
-0.06483971368367947,-0.2097599642124896,-0.46000004304538017,-1.106818229252676,-1.270788078503744,0.16814874159013254,-0.4070816490393077,-1.239222383834577,0
-0.5675475480457912,0.4043415676453417,0.5101534907769493,-1.6538234735707218,0.5504052244633417,-1.876941499319547,-0.6098836052322573,0.8629074833132019,0
-1.0694228480496535,0.9100345785669174,0.12323464735772062,1.8849435978256917,1.5941294318659374,0.38272452113505867,-0.2381479782606762,1.2914517387225455,0
0.3702064330821861,0.770611852402071,0.5187412458627955,0.28540028633517334,-1.0870852105034365,0.9224807011498842,-0.6072253186295397,1.4433183911259149,0
-0.5291689420258414,0.12957522340435745,1.5399420635286831,0.42124904441761857,-0.8236041979299326,0.9855135741092018,-0.05950409830095784,0.7363297379155773,0
-0.42310282978153557,0.29606280921832173,1.562709275299761,-0.00252738736488463,2.258815777966614,1.3183501906867248,0.6183044415587386,0.10613158854957655,0
-0.55411812643677,0.6830087197213822,0.03699138665061463,0.3490955547853162,1.1907939341286027,-0.4273680912140522,0.580077701884169,-2.019329892200996,0
1.281219888019985,-1.2700476115939385,-0.09258942338037028,0.3282544738101332,0.3696973541488713,0.4516207460029741,0.5314240038211964,2.0733948580811488,0
1.339627726304564,0.6857476350806772,-1.8678675927680242,-0.5315219241951155,1.6319293621081006,-2.1074308932448007,-0.515903375491901,-0.6936401279349796,0
2.093162655810762,-0.5244890536546931,0.08787093104729264,-0.6765085985485735,-1.5799788727853545,0.03440199244182294,-0.796540096720543,-0.9868986519162469,0
-0.18307049553782745,-0.7580191119376577,-0.4058509197500508,-0.9948066836487609,-0.374459033771729,0.1419518970300534,-0.4349405181391845,0.8346054472355718,0
-0.24753969279866542,1.1011048251385855,0.191741563779985,-0.8341968992635439,1.2590928407799236,0.18814233622114157,1.450765352778919,1.5325681503654094,0
-0.5364442094602472,0.651406820828607,-0.6741832690293891,-0.5704455960212849,-0.8275310762444251,1.8232736121629922,1.5163466037708806,1.4880943373817828,0
-1.2666600932446757,0.6129223067039905,-0.34810666971351767,-0.6234022785393996,-0.11467528840698736,0.23636674899684085,0.13192454009836524,-1.025566939971789,0
0.902726698821863,1.550458158194984,2.527195654082608,1.049964453363132,-0.8850848356146159,2.752609581662825,0.21126176655921214,0.3859268191592825,1
-1.3117293903685188,-1.9362390165733292,1.6771480959814828,0.9867531411396279,-0.28276190162938364,0.39051263141023457,-1.0663782579399514,1.1557349409071005,0
-0.8814052819005003,-0.952586561467806,1.287433179230036,-0.799952655819374,-0.046413144171154774,1.153926496571653,0.23014622444070665,1.2146297273732056,0
-1.0547225850302764,-0.059055313042704734,0.8343282355817956,0.34261242068664033,0.12833670673312558,-0.3367444412510734,-0.2382896897963913,-0.43194033633824175,0
0.6756525521138276,-1.1153284408806377,-0.04167552654181617,0.42478464299664204,-0.20376353100127081,0.707414000544023,-0.6404558715191946,0.9162591131678781,0
2.573583837747874,0.20063800390178865,0.37404335489017837,-1.040408757330386,-0.1178003496542499,3.0308978690400648,-1.0148767374168517,0.5539167629797617,1
-1.7974356733147057,-0.7199883547077675,0.9022587466235515,1.1049513848494625,0.918704234587448,1.2469014522585056,-0.23100783062225022,-0.42931495743444925,0
1.9131941083053436,-0.767729408446127,-0.07798835841589828,-0.08654888294252082,-0.3813378979001686,-0.2185359297058166,-0.21154278243876756,0.2937544177034314,0
-0.15501692582549922,1.0937231188196253,-0.2683020405796239,-0.1445977233121424,0.25729877724863887,-1.5268074588544938,-0.678912121193705,0.7043705483935216,0
0.3590270499185948,0.09077242955093318,0.4194387941622846,-1.1166580900395506,0.20893939653704058,-0.6231699382296123,0.41013815809185544,1.6502349044470748,0
-1.2408045117082678,1.582179079139049,-0.6133799477514673,0.5277965540795665,-0.9652352636973905,-0.3181482422193916,-1.1392779817126006,1.2684536988447475,0
2.061816474665797,-0.5467976611163116,-0.3294167762064874,1.2231181246185516,-0.7883646611577743,-1.287401021862579,0.710626522984719,0.023311257401641982,0
1.3122989167689507,0.010928022090346696,-1.7244061829779587,1.9691215629239833,-0.35373769589540294,0.6402692584361731,0.06147090331428104,-1.2653303628404198,0
-1.8060844921998018,1.2252963815502056,0.5924284969234112,1.8621249787493745,0.17989250118552377,0.18801407372633233,-0.3913052706036535,-1.6025650129466622,0
0.7323427544770824,-0.21504713093070466,0.03203935456831289,0.1495183186202512,1.2973592081340437,-0.15612058768437476,-0.6662674405409008,0.003853573072684063,0
1.8988759542970068,0.30875077334429796,0.12855257159182581,-0.3006548339825804,-0.29889735733363454,-1.0521116386658564,-0.5422353007890331,0.15953656292956586,0
-1.223647228407064,-0.19235949483558226,-1.1909651105058179,-0.8695974928816097,-0.44596935167044216,-0.004919768997634582,-0.11031740332313954,1.3738607098802649,0
1.2512300920448467,-0.21647614360351194,-0.1916448452842933,-0.7607808015227526,1.63500908740479,1.1750621004573365,-0.9876379102414102,-0.0913993674244285,0
1.3441917621981097,-0.3798533763086259,-0.4528269572196889,0.9979579459663067,-0.5848996926917422,2.1836127222352792,0.3623255220114999,-0.4362076549472428,0
-2.769478957397028,0.8192135882294264,-1.345164807130893,0.3704728449283115,0.3556857398656398,0.554626581650503,-1.5262627283755492,-0.6758853835287613,0
0.5339663242048515,0.6063357481880456,1.5131063324542755,-0.7137341884444178,-1.3581790254617114,-1.593191500948354,0.1219186074911732,1.0892031364414712,0
-0.4974708247617806,-0.5925281708166505,0.8350288868234399,0.053385838052906864,-0.25834481770747336,-0.49248835444789935,0.10412710395742299,-0.29766148855082775,0
0.5234041583815721,-0.7793449943291318,0.24617301170991748,-0.7933363608697822,-1.2659672647673488,0.7700331246012797,-0.12527137743373967,-0.6653838208030505,0
0.06530764728348148,0.38611609008510234,2.1917956557277543,0.7373813069976024,0.6536024202710674,1.5307317815713057,0.5220727918146708,0.7808531544679502,1
0.8071412853812863,-1.7026881755593979,0.3285476290941219,-1.9996259186950478,0.914917810718069,2.6970219200022143,-0.24550941978589885,1.471004385798227,0
0.8850504684383277,-0.22043000072243857,-0.4704921544370888,0.5466000109404276,0.16715828205506678,0.1673000265876457,-0.12779256214273607,-0.345209644238213,0
-0.9063216836864422,-1.5358931701866354,-0.09735714910818787,0.32514890835509547,-1.421183262365309,-0.7443501945844984,-1.596965264484017,0.7798645083486514,0
1.0665700176410833,-0.542543483387086,-0.11212464735095978,0.3199846702367774,-0.24982040518827708,0.5405873846637658,1.7906529162108629,1.004151198823193,0
0.8083043579051074,1.8398795105104815,-1.2688725403090124,0.34741635567108325,-1.6517934327154096,1.7437569537242805,0.7348737656691315,-0.07543815529424376,0
0.7450760401094021,0.23400992968257506,0.7230289273250556,-1.076495018228452,-0.9002314499283347,0.3781048725065944,-1.555907795137693,0.06168387230736583,1
0.9354934294515735,1.0325536862862177,1.8142408173767706,0.10359576004690757,-2.3775025856230543,0.6827375888311807,-1.4890313248841371,0.5887389716052756,1
-1.47239101679658,-0.8307407306715606,-0.8658559021108398,0.3000225893230967,-0.822114022204232,-0.8370621772800179,-0.3502569220334808,0.24821394542356173,0
0.39899582448036774,-0.7699473622515776,-0.0057778918899649145,0.42024247527414116,-0.17947579727347784,2.2923180901011295,-1.9800142097791593,-0.2409099295969399,1
0.7828010681782169,-0.8608365130494162,0.30249298586605883,0.6553900205116279,-0.23514416508296082,0.6206472773163302,1.6079311312402451,0.6637666816302966,0
0.6172278373812757,1.3372051469192814,1.2680153924400217,1.5069559734860203,-0.5266015481904275,-0.2644912765025867,-0.6553842492844382,-0.3549945167737199,0
-1.314432955105674,-1.1033037440760056,-0.21799492608482043,-1.67571334609848,-0.6710758950469321,-1.196448832976796,0.8598953417249608,1.0425810383649716,0
0.44778101396658143,0.6754773576289851,1.3549104981956956,0.7815887860572115,0.4704951059745862,-1.5539360175501025,-1.7197342816463907,-0.03735759693624927,0
0.9550071298747826,0.1444331883467156,0.19102951251942302,-1.2331549937288055,-0.6749043983568269,1.409455373536575,-0.36499583959637194,-0.30399274699837125,0
-0.8946254033158183,1.6145706554532493,-0.9368685201793016,0.7380203741484554,-1.4544099730231186,-1.9660939538478295,0.13382653422159074,-0.4749065591916562,0
1.0817632341557493,0.6410914339516742,1.2116199407926538,-0.08889720895821102,-0.14801564741443646,-0.16136275122418908,2.2453236428500647,-0.4684568356301499,0
2.4386671028838216,-0.9803344942255885,-1.1261546404630502,0.4442738316789372,-1.2998526299314053,-1.3113667039705845,1.1704249345060813,1.8082256125857787,1
1.100389044160197,0.19618833682714315,0.8430645880123707,-0.7830346508914734,0.3054434755979039,0.34347758003503914,1.415136076631978,0.7004051003038466,0
0.45484673207854176,-0.00788707567814173,2.6775098687899237,-0.32336451417987166,-1.3268128886266117,1.177056358876016,-2.3056986516028974,-0.8696208301412564,1
0.739230144776884,0.5765242433152479,0.45562607204972566,2.3658567305659477,0.7928725072799201,1.145597265187557,-1.1132103625240979,-0.291878811780282,0
-0.9772510372595308,0.2881999635765547,0.4387588639773484,-0.44031035850956723,-0.028773179913940978,0.6887487625771935,0.3418291431774306,0.674953639734585,0
1.09218120590469,0.09020462658420458,-0.0017073513334584511,-0.38104252868538346,0.2062615170494695,1.391946588225984,-0.9736572713787863,0.7182072822151849,1
-1.5566147600976992,0.1104065389285537,0.316804288758933,-0.977945190965596,0.4611127620263364,-1.0313280250894141,0.5757052040316951,0.08434826809841232,0
0.8860171854685442,0.8565803410816414,1.4877775267889666,-0.39988779914970785,0.8568010233047337,-0.29311302255198596,0.06925280484825481,-0.09466942547694356,0
-0.865920400521558,0.20432486197839778,1.2192732028743494,-0.26781095466381705,1.1044981073946363,-2.611836820662461,1.6375470816221644,-1.149003565837404,0
0.46610004996179377,1.4435785590465424,-1.450861806847042,0.38818273631654826,1.3666615375790718,0.12553905523024217,-0.09944079677581014,0.03935122444321401,0
0.2650855811461223,0.5701085469379223,0.5703412124782118,-0.6139517488742561,-0.4118181214113024,0.9258833233860914,1.4687312020087526,-0.06879577747239496,0
-0.29039917885479505,0.49328672516176647,1.0174318560397215,0.19515650809350282,0.16476548976555297,0.9458664906338614,0.5232065769805466,1.108312807341482,0
0.12849985959481078,-0.1742861638935052,-0.25404551849776585,-1.1690033296468842,0.5828413613258326,-0.48784127599537414,1.5416301076718928,-0.8795434325301081,0
0.018992230643020212,-0.7923989998193884,-0.027690214687223717,-1.0109468123067942,-1.0262481542748398,-0.11530205867726488,0.6001045741168906,1.611532051618779,0
1.4774029891008127,-1.2301638712530187,-0.31115676006908227,2.0300205615405695,-0.5215362852209637,-0.26367397456045344,-0.5277612853116982,0.5616268828959935,0
0.9831660925081456,0.15849747304498132,-0.6666612077970784,0.8741446368989071,0.1937028542685956,-1.2987258298718762,-0.8947850311532936,1.27337993255674,0
1.4375268493082811,-0.005234770758253735,0.8098749919493864,0.9641776631296415,-0.3276288731737484,-0.267765088482963,0.481506956582194,0.739450021670315,0
-0.9519585071198289,-0.25578242143773067,0.7506450737907795,1.5378131417199403,-0.24307507785871177,-0.721760924281109,-0.49862211344232144,-0.41179495622207557,0
-0.11188392177915114,-1.3174128948901052,0.7933813777431338,-2.116981493090498,-1.6497255391135868,-0.6063742277970335,0.5928249266749039,-0.776725360500658,0
0.3644765698046888,0.06422683135940854,-1.7041901775017168,1.2373217677303883,-0.15586469957627805,0.07139506188742845,-1.4207757680080801,-0.113684895687312,0
0.8800102972067025,-0.24155774366439017,-0.8742665933771924,-0.054668291641939384,-0.02844230677182337,0.8939937251789578,1.1244081268777808,1.1792752031631786,0
0.04774632997685566,1.7681403673625518,-1.9872857978731924,0.6489476937929743,-0.32305644925422383,-1.7625848359361274,-0.9546796370516274,0.23849203024763072,0
0.25764878731024043,-0.39585506492624706,0.25870773761133653,-0.5428833663405526,0.6839035539565387,0.3209870578827829,-1.0942940225089672,0.18687941375786868,0
0.8374521883478678,-0.701659868355625,-1.406589843562964,-0.4610996229100847,0.6482604652251982,-0.44646063754697607,0.6857873386860119,-1.5663431354199289,0
-0.9574982017767828,0.44209974855802425,0.28464417838044437,-0.2640785632995283,-0.643954350526304,0.895019026016917,-0.24497845798202392,1.5885039234986933,0
-0.011399436291911794,0.023344399673947296,-0.5018134133626967,1.1228801081618556,-1.3482467238019042,0.7730159893649001,-0.3609277801447086,-1.1871556884467773,0
0.21009620721562297,-0.8741313680298876,1.3314942867665371,-0.571662549104907,-1.121174436166534,-1.240666262705102,1.5653028833917404,0.2177585911943934,0
-0.4696554212144281,0.6952574408552383,-0.055141379971446323,-0.04157640260593236,0.9912970865195981,0.7465357866401963,-1.6105163952977097,0.0578526575935472,0
0.8843750001997847,0.328334334834819,0.1606481059006651,-2.088230705214296,1.0886553899994924,-0.6855296755431965,0.024498799633112366,0.8606398124534848,0
1.0846281698050404,-0.773432050278766,0.4433729252888142,-0.42159787772113316,-0.06705058197036312,0.09633193000358865,1.1137960147909292,-0.4374868740489387,0
1.6364599127311608,0.3758363199352168,-2.3197752118538877,-0.027393781641017776,-1.6982596885011663,0.3633304345731304,0.024164038969379343,0.035412593290548834,0
2.250459207222356,-0.3716730313286527,0.4474763184378879,3.162874931875662,1.1382909456443353,0.3202912903879939,0.5342140442082836,-0.15294047751772546,0
0.8756745929170542,-1.1427211012815441,0.20209024056916938,-0.6835518613660071,0.5125295973957853,1.3702414574055497,-1.282076287180036,0.0782705653826406,0
1.6817756559213952,0.2307997172465034,1.2273772391522426,1.306906666670801,-0.10422201212749871,0.4635682246800441,0.3479533314079417,2.2616671253193346,1
0.22179546449017357,1.1342638483492238,0.3780920487933645,-1.2187854860285994,0.888612960613655,1.211312551722649,1.3243539240673434,-0.062408549827458554,0
2.752371669399053,0.6874756218970658,0.06619837295690033,-1.1795315318316373,-0.8269018423114254,-0.5940483699376466,-1.2348254209820275,1.778089533718555,0
0.8046045273399609,-2.084409852883188,0.0749687590786216,0.3185046659567407,0.07080657436536142,2.789822659092883,-0.6485652809797242,1.7011927827211715,0
-0.08415964281124871,2.2840453952380444,-2.975605191049,0.24627831051954885,2.0702178789352845,0.6215599935980137,-1.1517790044646365,-1.7593639174536009,0
-0.7823341849004126,-1.202576346791664,-1.359148777842169,1.7244239875606409,0.0024490088481931315,-0.9194964082440874,-1.1382712913142317,-1.383653075169111,0
1.757991670443065,1.087728792264473,0.19571482174948884,2.2012235689071735,-1.3060223273875735,0.255860899166531,-0.4857875257865276,-0.47835482258647344,1
1.6318268110746945,-0.6280144969360217,0.15207820251150228,2.0929913140121315,-0.23459895297182157,1.313964129275342,-1.230216653053128,1.4350577496019432,1
-0.12275722311341103,-1.035061138334298,1.529444142242488,0.3135358042568409,1.122461244678871,-0.21923213846603487,-0.8696929456763255,0.46546725086775476,0
0.4917195877229006,0.5106396110250802,0.6926002225203118,-0.7029204613113444,1.9370529037797093,0.6981720623125458,0.8874178346541451,-1.8757321776560816,0
-1.5808050305806258,-1.0308972783869592,-1.6599580625358963,-0.29477934261094835,0.41011318966442806,0.27707657452144857,0.7263425764145206,2.5416098029833116,0
-0.029268717592994653,-0.05362997727841301,2.090392999630493,-0.09019950518363806,-1.7516610874842966,0.03103274147526225,-0.46335202966177513,0.6769592555394464,1
0.014778703056365165,0.3438836768755783,0.429681858382687,-1.2183678491684808,-0.6427389789209531,0.7274709603511975,0.39337162499840284,-1.299654890346596,0
-0.13234129438595235,0.20534472927440447,-1.3131635300454503,-2.9189669047895643,-0.9726662098871861,1.0383278646239018,-1.3823349426464695,0.2062882545128439,0
-1.2390883179326853,-0.5174352098754834,2.0806836292555286,0.5525828619541088,1.8298476926099327,-2.5725997425295635,0.006775542983479281,0.8295425209855191,0
0.38330107829907456,0.07949810468032766,-0.8729849828118563,1.3973190460343345,-0.5146193212005454,1.6916648091241044,0.11362133030523597,1.2127751016426354,0
-1.091298158579497,0.11206591360905449,0.8579054281650681,-0.850678411831767,-1.1164246496324095,-0.5871555416350245,-0.543151332574273,1.812597136683181,0
-2.200396148078739,-0.6532348291157294,1.588322825827713,-0.17090573476981322,1.4182216619901185,-0.00484833461356719,-0.4546484922348735,1.7965110693888429,0
0.6356727077893679,-0.06552113973717325,-1.1970008239099188,-0.24298393456326847,-0.7405943595638688,-1.0676743114258587,1.082281971127664,-1.1103821973748973,0
-1.3085393915257526,1.1611635525284523,-0.054535367793889976,-1.9935478977200591,0.4467542465298964,-0.9583139060124043,-0.09116947316815498,0.4947186927193637,0
1.8727459962838804,0.6437225865717631,-1.16904025740825,1.3262821854334057,-0.6004213861265097,-1.0508096359194767,0.5635948782698899,0.39807550843439843,0
-1.3996557662539781,0.8008384546855368,-0.14246110122546735,1.8636908878331988,-1.440077061920513,-0.601260065293498,1.1652249648699136,0.16267064038464493,0
-0.2861114970622674,0.4652410350108474,-2.639835060186221,0.26002310255500544,-0.4523695775491173,-1.7683626915178543,0.5901297434774172,-0.3750324358303687,0
1.2351967833607287,0.4978451457992219,0.054861814749129094,0.03731534362722492,1.0430391471303686,-1.724908099436885,1.5315141315636205,0.6828519014883224,0
1.7115613042375963,-0.33882849854776675,-0.3867834522434418,-0.9537034799673414,0.8118927040606795,-0.7805155780763944,0.7401951665030456,0.34874033762466894,0
-0.28217400813268545,-0.061874981001025224,0.8434707596203748,-0.15999053253935341,0.6335105761201375,-2.1090491415838466,-1.0571345405534942,-0.5715419555474941,0
1.0051185189369172,-0.5593677443546599,0.6052472024979301,-0.5277681338932065,-1.055231515908019,-0.2797933822628566,-0.2367349664879515,0.6955164335461296,0
0.7903712128432924,0.912848505102536,1.4032302610485763,0.14112458986353377,-1.396927623068831,-1.127185052077403,-0.30858427432032215,1.2647406780763697,0
0.26046086020170545,-0.33571013663739757,1.4039119846478003,-0.0498220506969933,0.6530417149762097,0.43704879948777203,-0.8911843057645458,0.5402378469598766,1
1.0268009603647066,0.08199096510264359,0.044299302444615885,1.0250513152977958,-0.6884316379273021,0.8112782757566956,-2.084885491588088,0.5513993474585983,1
0.41851674506571607,0.6759019858147521,1.9010085640200158,-0.4022514562540763,-0.04402028038697862,-1.1328105923343414,-1.5324129849898076,0.9016999393447553,0
-1.3835419338759447,0.2515159216547778,0.7809205426758868,1.7695206255601241,0.8793416594670835,1.078733338211453,0.738135593313482,1.1231239963335091,0
-0.6569660120838664,2.230805828722877,-0.5510815531372983,-0.5981383604601936,1.3861986103693464,2.3875982932343764,0.9109582533460097,0.8977055698538189,0
0.6319798183513962,0.549138532859564,0.02975413140378913,-0.24466196389031214,1.3897705225962675,-0.4572992242435411,0.22918801962075097,1.818915804215992,1
-0.15031419147315103,0.24058981446663047,-3.5661748825502557,0.2183279298728085,-0.890864195402926,-2.2419375678129416,0.467238552257646,-0.8747290023426348,0
-0.1368426464828987,-0.058430319081745855,0.6712824530571758,-0.228470649892569,-0.3304850979530977,-0.4672473238571245,-0.21686155412132838,0.924743837689672,0
0.8635014439491578,-0.47988755857558724,-0.04302755661956957,-0.2411230843660964,-1.1569007568601313,2.140728109916508,-0.7537452546921855,0.6152627683462348,0
0.08340257890223363,1.0167092725870146,-2.369510976600721,0.7365509587370326,0.5636766386413187,-2.634435932344071,0.2811240390522241,0.6451289099528217,0
-1.1952537178552043,-0.5170998308602254,-0.22603483960076617,-0.8107685699014384,-0.3503287534026109,1.8104668564288993,0.6081904049618257,0.2616618666165776,0
2.0815412538956632,-0.0078024920676157405,-0.45360342899321293,0.13674593706745186,-0.20958275246023045,1.164562788370949,-1.1602977705317745,-1.206578022582721,1
0.4032771462003566,-0.8963536806042449,-0.7460180368594687,0.8094807250101803,-0.021715076630792522,1.6177591870710364,-0.13948996297272168,-0.09272213405669281,0
-0.268737237793989,0.027962635606116126,-0.3398686459429169,-0.08483789443576444,-0.38287875413975014,0.45546128440142797,0.781399491846886,-0.43574402661992523,0
-0.38304705997241517,0.544642920348967,1.6705832544193402,-0.7161628441665425,-0.15119003007649667,0.3383654959176158,2.528304892354332,-0.9279567285331263,0
2.076293249965512,1.0299111763125368,0.31905807680224846,-1.7799077908524086,-0.7535508617689625,-0.21106784828821984,0.9970243648620122,-0.2897936449242427,0
0.6332834869836605,0.22349876485841746,-0.47499482738546606,0.42548395293829555,0.5582929297937226,-0.8251614271493682,0.12920012555058524,1.967714870903435,0
1.0338292637047044,1.931622095152941,0.10638727561327922,-0.4974937436754043,-0.8290910613658317,-0.5529742585187791,2.612766699428079,-1.2787918998273693,0
-1.2931771539207557,-1.7560636421936182,-0.004554775649371748,-0.015746907085447456,-0.2013376013277114,0.35353424606469674,0.04139934470865127,-1.2021224612029586,0
0.973581822014066,2.1513820667677344,0.25721304523432587,1.2896976860444387,-0.7052678144809847,1.6343684283225843,-0.5480587029692878,0.21275799635102077,1
-0.31920778393437066,0.24123866390832427,0.33757957654270154,1.0861423803361892,-1.6752510796430709,-0.013122320115508068,-0.041209522214680286,0.06603334281542458,0
-1.019546934742898,-0.9991605783653885,0.4729313310427668,0.2166554934929817,1.0004155934020365,-2.467028113214246,1.2446744273600778,0.1342859714020139,0
1.8490386652926143,2.0339908378767464,1.948463018723606,0.24109990138329923,-0.7095637475431038,1.3101884848684393,-0.46979402280157173,1.7242581787187214,1
-2.4947032584821978,0.21720792373007305,1.6501957099666411,0.8016081552466208,0.25175008651802366,1.0610937740611341,-1.13115770845097,0.059286872555523694,0
0.6122179357641526,1.2916235506920821,-0.16853915216420742,-0.3282066354846729,-0.35983420176324743,0.08045242861059677,-0.9741958144758621,0.469729336352359,0
0.7507834846169446,1.270664284790864,1.576339333932426,-1.2329508614266433,0.86121836611403,-0.933464782101067,-0.8094519411896035,0.661409478478279,0
-0.16970547923849927,1.4771424942721652,-0.30877023713093155,1.0255306251645144,0.5349031652788433,1.4529172622231548,0.24996533267495466,0.19194950707070993,0
-0.9266410491189693,-0.45339968694628147,-0.25217872237120575,-1.6307713621324609,-0.3259747755202678,-0.8222830029779029,-0.039078702380517,-0.27602505377155906,0
2.1289933961577074,-1.083263906220334,-1.3659649267180427,-1.5550467343723964,-0.19171280316453473,0.7082420686617588,0.4026955901922318,0.37372464514660103,0
2.4969436648552343,1.576568154393038,1.6748437088309773,0.2514032083165667,0.4012447412555878,1.57942931793546,-0.4561214671488518,0.4671323119388646,0
-1.9564517921220075,-1.5763483331293113,-0.3218112221527367,0.9693615701069144,-1.2724836826014108,0.7127474219746307,0.5142863201710994,-0.9191010663328237,0
-0.04169812028547658,1.270677823800267,1.8341657000104812,0.5800981275380561,0.8771758952864042,-1.9494540188276597,-0.04020505991737264,-0.6070606111849876,0
0.2353718560965811,0.8666492879299849,-1.094471107413227,0.9347731537229912,-1.0193136644076195,-2.002141642686347,0.9135341918672762,1.5748164326494245,0
1.354478123688157,-0.5499082939385078,0.5174879744378662,-1.411293926430384,0.140907399219793,1.4362426260584713,2.0160622735440326,-1.314455723651086,0
1.0403777442050217,0.9566134450249699,1.3832620007971421,1.392719061533168,-1.205273608221558,1.195703364770164,-1.6703582381774504,2.715978599700582,1
-1.793822156207981,-2.1278088937085933,-1.3470646449536743,-0.512807046761971,0.1436292223344759,0.5020991677408834,0.04020663845746627,0.4079769582292107,0
0.34767921527272094,-1.9672170690855104,-1.168292648688932,0.1576272543011827,-0.8108918354562137,-0.4406134372133095,-0.04740615565353204,0.7565063997832633,0
1.0382654716936646,0.9586468199097977,-0.1587844792625747,2.8633171492122447,0.32602078576249693,-0.06936223737925803,-0.4286276185937239,0.7861820210481317,0
0.8868167330226226,0.11556820756770084,-0.3234097559118724,-0.5133530651056217,0.9424413889121532,2.105939090651992,-0.6215016706644033,-1.2517672172818932,0
-0.8427168715954182,0.8506439108483538,-0.7598694880578435,0.21542476258721827,1.2950979347195621,-0.9369753780348924,-0.0970214389300665,-0.05098440132582266,0
0.5297508726969924,0.7101788465357193,-1.700485177951661,0.8224565323864753,-0.5221877013307111,-1.3155793060854408,0.04871267769746606,0.08295923544842024,0
2.208066742346187,0.027788464584768358,2.1904880691699513,0.9989732109470697,-0.9013111756675302,1.1406880756385358,-0.070194494462119,1.43780983385836,1
1.254696979840073,0.9167034470558423,2.1307379367893855,0.9500148355383853,-1.302148030416229,-0.10011400568790785,-0.25950014946525607,1.019652350193038,1
-0.34416607968757446,0.4923261819353598,0.5846803140055724,-1.0248368360202085,1.7937555836110277,-0.4649197262570294,0.3932078968712744,-1.4753985408070371,0
-1.421158835114704,-0.8779083414756816,-1.498569308009643,-0.8760037576278852,-0.0022958623634074327,-0.4208072105884203,0.47690149889215494,0.553870126918671,0
-0.4342332056863551,-1.0002921887488103,0.7003940426784601,-1.0366534037996875,0.2080554957476984,0.1403509381050131,0.7643833708806435,-1.4304932897410327,0
0.9981425656169298,0.8928033349059635,0.2635829160243879,0.01881812449924739,0.8049324139229754,-2.310991451591391,1.1639224842863736,-0.3346417162744664,0
0.3959630889396184,-1.5967019284461499,-0.47361174553221036,0.2505042210560154,-1.7571597028076782,1.332478266941523,0.8732717070845463,1.3479273852158147,0
0.6521210237537283,0.4018855362265274,-0.3862405400225186,0.21266547699593305,0.0602640162487664,1.5516600406948686,-1.0168652660487023,-0.002456665171099762,0
-0.02645004396085006,0.09687256565780522,-0.6522734491748035,0.542306650757225,0.4913811179361106,-1.079650778160874,-1.6558209272365647,0.6281839063446248,0
-1.0300671229984775,0.3078323961049381,-0.2622080069595475,0.21064601999483282,-1.0192235000683472,-0.8790638613689075,0.7265139716335877,-2.433335264236018,0
0.9651482821451965,0.6001121244969156,0.7817043996220417,-0.7289524931090162,-0.6618177417537777,-0.7909537557574582,-0.16828785188845694,1.155528477439968,0
0.9044395713271604,0.7550083864908005,-1.1865489117811685,1.7085747800289801,-1.3606653718387667,0.7308026147102585,0.4381618375807976,-1.236812647485825,0
-0.9737088510195312,-0.9484538196862444,-1.0901245760090132,0.2473608469833082,0.9522924710796553,-0.9676976763414863,0.2799474619813418,-0.56670446856855,0
2.676995385222006,1.2608550013545041,0.8439157469426712,0.7631237604702044,0.812529787245038,-0.8848266803577811,0.7594301981265745,-1.679182466387822,0
-1.2412040743266146,0.22191490255817098,0.37362213758737844,-0.20505716147307082,0.984956275408689,-0.5481687882360267,1.3173102933363712,0.40198994816098577,0
0.3592367889211445,-0.7237364647669321,-1.239754778239428,0.7727368905794929,-0.44322779893895026,-2.165372047598274,0.38784611200850194,-0.4326436746912528,0
-0.04312097328192317,-0.1504618195804816,-1.9987122117729053,0.03712066133390845,0.9282219169648063,-0.512962415908396,1.0276629213793789,0.01507602932387421,0
0.24636132912326048,0.38601327115749356,-0.4208902262487244,2.2280906672094307,0.5269213020035207,-0.48809987628529433,0.6548630849716487,0.3372512397384013,0
0.09708558160279217,0.07673055450689145,0.6628052504414815,-1.2724598322848892,-0.7035247510668996,-1.2555345949430319,-1.2820852117312527,-2.433285562801828,0
-0.24460873041287656,-0.4488134014695457,-1.0810713700080037,-0.3591296821192303,1.5714189179969502,0.827950041554172,-2.2142221335180836,-0.2759865559970118,0
1.1600481104593956,0.04643868082431526,0.24622706910151526,0.2058601675981266,-0.9897647716928973,0.6284309566533912,0.9950693952056957,-0.4930463938008498,0
0.2407464973095353,-0.5785340103446271,0.4310380609035527,1.4795298479022556,1.1882998114164756,-1.65583008005126,-0.7231643857323173,-0.49943867585091256,0
0.7816973346031786,-0.05092789867495317,0.03379120056040391,-1.0914794378498787,1.4142398296611294,0.4548254605990576,-1.7258056276531453,1.2948967643425409,0
-0.9969456770542569,0.3833646871098335,-0.6489905011243944,-0.33494511655113257,1.564528898692571,-0.14366019609881736,-0.11946771878468801,-0.02813341879247777,0
0.30153300894410473,1.1632691466001763,0.967824197604736,0.4539755321990556,1.1635594741067732,0.15895664678267288,0.888726616983935,0.8811697125652209,0
0.42434516014563434,0.2960562165107625,0.7849779855552399,-0.058738716019532115,1.8171739486834388,0.39287337734244066,0.8735528875145747,-1.295946127907719,0
0.7755538669975545,0.6232316812314486,0.5818560067122277,1.9246585808741166,0.46589058964690744,0.638065072153296,0.45992972257617415,0.9497589844857496,0
-0.8698603148584476,-1.4029372702308853,0.19256241565482812,1.2419802460387548,-1.1023689326853479,0.4263246348197824,0.004121093662937452,-1.7561177536940518,0
1.4660923305830653,0.12872867151912692,-0.4836766028216566,2.407964087485614,-0.6156120492259807,1.9664604277823456,-1.3214029417109794,1.736163969490348,1
-0.06313866204022217,0.39130740422015947,0.7166877218338502,-0.34520849731666614,-0.9502743722989925,0.3675691892094131,-0.6777143029795253,-0.4308623597254746,0
0.5925800721907915,0.1403244761533391,-0.5345050673719198,-0.7590506145722944,-0.009796775046660027,2.849035287946338,-1.217015502303006,-0.19179532450839137,0
0.8571849470996402,0.9863360357686439,1.4377192067999913,0.3065373726426517,-0.6963603228398111,2.258783234291177,-0.869032173247181,0.9615417341890073,1
-2.0101598458242105,-1.3340024909749504,0.23309506094581633,-0.7598371020415594,-0.16004688694053143,0.8662851285347076,0.6645508441184236,0.05207378250310469,0
-1.8334402823952263,1.0400971705457134,0.01867342935210588,-0.005053059832055142,0.3351284134142248,-0.17637801555319377,-1.7450439341296786,1.2074063903817887,0
-0.8589426897512649,-1.4501276662244351,1.1451832361787246,0.05411534838292831,0.5026527270837243,-1.193151885292214,0.46496670600136464,0.6988456652570006,0
2.1611373373309655,-0.7017308920877623,-1.6746549741132455,-1.14303729748221,-0.5879290027407588,2.3797932847996317,-0.5956998181191387,1.2182176776497293,0
0.5639255101276339,-0.951129403026914,0.5382348891486095,-0.2963903391181365,-0.9143703551524335,1.7362503195989714,-0.9370663586074913,0.03462661337647936,0
0.9982814498620324,-0.40297808207088875,0.8010859966966202,0.13963326666316375,-0.7979271843595418,1.9414489684017575,0.9598798121337087,1.6424567134842218,0
0.9627165871467377,0.1908092298027674,-0.17442871135122825,-1.4793702907688113,-0.3728767403429401,0.668709574398343,-0.5401753392469856,-0.464391125998957,0
0.594484408282521,0.5821341092191101,-1.4655200443284877,-0.9343726684309377,-0.967382517945433,-1.2252757304598927,0.8439824542987728,0.5877228111001468,0
1.1851522010832216,-0.8165316105514295,-0.7195005015997625,-1.4094316029295861,2.1729280976831804,-0.03138029236042805,-1.191056987801219,-1.6084101329137364,0
0.48003904000559294,0.12475202902430416,1.36678558407543,1.822758421967519,-0.3074641442632353,1.1918320399051572,-1.026567166622578,1.869283433057773,1
0.24140120861499928,-0.2678390891401436,2.6405399728315713,-0.770916469754159,0.6402897059385425,-0.7870693605132772,0.006549289687456506,-0.8509575082339039,0
1.1537299807890458,-0.22902235171014726,0.21654846017561696,1.2913194776209052,1.3500268923527174,0.4485952883813771,-0.9808676062247471,-1.8563427502023138,0
-0.22307276749185082,-0.7676332680783347,0.5751700053623584,-1.476072024431354,0.6791032255761021,-1.964717851626367,-0.03519337765293982,1.298430483062064,0
-0.04814552191187736,-0.04836086483453155,1.5344074284322153,-1.9682426254686713,0.10173152863220151,1.6276274374258917,-0.8710706293079812,0.28932548028947924,0
0.5424721685682196,0.3857861326579654,0.4067803630983951,1.5694878917536303,-1.5070252948648029,0.8652578420676633,1.412862727944146,1.281773735241671,0
-0.0532190573947159,0.05177781313954612,-0.616729159964441,0.515379968189824,0.026067332228444904,-0.31606551732407756,-0.7837671926460191,-0.1801502437205453,0
2.2545101730402077,-0.8508105233191141,-1.354775754743068,-0.033896566323079545,-1.1636958987097787,-2.2921828451530426,-0.5182016448202933,-0.9369030358281284,0
-0.14487465782605746,-0.21848056358225204,0.5889054673264716,-1.456647216961326,-0.42173988097521814,-0.5472257832563747,-0.46772644689092047,1.4156971610601286,0
1.5283987671105537,0.08913864518135083,0.34593444673316887,0.6058552637613469,0.7175821822049172,0.8288640230803563,-1.170973579060138,0.5007705596774318,0
0.8881606372719152,-1.5564217564502754,-0.13306590162516513,-1.8677867694035684,-2.063348003822872,-0.3907333736044081,0.8318455131405641,1.170844673788318,0
1.3391523941982362,-0.3968697964615966,1.8609362600379953,-0.14387726450184635,-0.486133513922611,0.7209287728133489,0.4969530449031474,2.040918992385026,1
0.5144437192625654,0.9121091147742019,-0.055345171513920176,-1.1010298701737813,-0.13421022941091687,1.1206228905293512,-0.18528384567466194,-0.49884603177330433,0
-0.33464440990243377,-0.9943127263260163,0.8191272866931586,1.518462268554211,-0.8189970268839275,0.5420811037091885,-1.4403431949904086,0.9511174575981926,0
-0.16020199318340272,-0.8493681978319084,-0.5890225638035768,-0.3325172775342962,0.301189937056956,-1.0418771906014255,-0.5063035960586433,-1.1732749343004425,0
0.8368985485228205,0.28765368970083877,0.5458857387472427,-0.4612522349200638,1.7630536585429972,-0.713326816774565,-0.9267891860434812,0.6817422370412403,0
-1.2314199362752278,1.064531615501148,0.3462131284046886,0.3609061342038385,1.0535902236114085,1.2073857440000122,0.2244015377206518,0.3065067245736557,0
-0.6230316517541971,-2.2066108993580005,-0.4189169599033653,-1.7040479868546623,-0.2309627711595656,1.3185376423175723,-0.17453960435159216,0.5261542706743267,0
-0.3042800734338105,0.22848024420938812,-0.18077869078993378,1.074923981930606,0.09574642403082352,-1.8921474884315443,-0.9251190904487584,-0.30422547829201674,0
-1.0117819012392113,0.15498633850629856,-0.44766593619365774,-1.838654663543717,0.6905765626137298,-0.2752076726731877,-0.6807362755497978,0.05621013284355121,0
-0.1334559943814879,-1.163913748828337,-0.25876993950395755,-1.2322476787987255,1.9935245910711856,-0.08509701981978492,0.29319860763321365,1.0852403451023866,0
1.4476296864612557,-0.3504873209158915,1.4982259408943768,-2.2046334082617594,1.1445142612568608,1.9045667247749754,0.46405729217989994,0.5269963204537094,0
0.5341278248630525,-0.9537408029214373,-0.5360824605193801,-0.12977379109613618,1.2314237337961937,0.8542161321712819,0.8211200145674337,0.601545388401556,0
0.2587547673727426,0.11996966188980111,-0.5436588695071873,-0.5883334612451001,0.46453062522788635,1.5354960278114562,-0.03385312242511943,1.337322653018758,0
0.4039222765116342,-1.0153208240797709,-0.3481592987109507,0.9488082681941177,-0.01873290137647248,-0.4437663847328408,0.21434794791588058,-0.04931215751398484,0
-0.24544157566455377,-1.5355080855269503,-0.21767175476908748,-0.4126465987204612,0.4989536541049589,0.40332932653131504,-0.07833873919472485,2.134113822206007,0
1.8353421215408499,1.2950736928935118,-0.977167199215808,-1.4369474728887954,0.4439612493854258,-0.33739808989339426,-1.5883165373494925,-0.26753382034166684,1
0.7036169990845943,0.5916204549217756,0.37297161809273793,0.4810576027888039,-1.085820380684825,-0.04650538257814445,2.2543569824036886,-0.8602745138581291,0
-1.7469344735801848,-1.1117566277997724,-0.7912795752321987,-0.3872561399610388,0.2884502852592887,0.35645720984766416,-0.239802897489753,0.08334388125984221,0
-0.24501666502051975,-1.0640456877471864,0.10855379578823135,0.9810851711012865,1.3123904966182396,-1.2042128121344633,0.4874136594548362,-0.29268297344636707,0
-0.4670134336458478,-0.6284826017528131,0.5809826927738795,-0.9099176701948202,-1.8304736962087005,-0.6497673997798301,1.223396314910486,-0.40623572568687594,0
0.13323483194290922,-0.32467817179239766,1.0840807870480036,0.47093381267984386,2.421409868961832,0.6781671954668782,-1.3860060062864474,-0.03025730971319925,0
1.5070092906104997,-1.7998776752369916,1.817766545509964,-0.10911244954011559,-0.6961049765996906,-0.8544186278743099,-0.2756634951290634,-0.0292989972877426,0
-0.834478753863242,-0.4197795606129718,1.4535540242971914,-0.9280422521309327,-0.08696610120545542,0.7467994841378226,1.5629261979107274,-0.32940522251312077,0
1.3685904745569635,-0.35178506958613487,1.1741507758720364,0.8510320719213131,-0.1604077479409588,0.5222359094750093,-0.5044959238164808,-1.079803520725645,1
0.9548306806147492,-1.429719474550612,-1.1156728928784323,-1.6138927948480235,-0.7461318717996304,0.12049345043759156,1.124346552548459,1.690179041825802,0
1.3775094318891679,0.07029722518915395,-0.7662920972635004,-0.38673297838481663,-0.12182074800439248,0.4700934333106418,-0.15935748585443815,0.6096967995321838,0
-1.4633945808550441,-0.3552185121735167,-0.5644602912566583,-0.48345818981722627,0.03712825851350226,0.10588060571239367,0.24636641570861084,-0.14755420608258552,0
0.61262732308641,-0.2312916312311619,-1.072922582540569,0.767406267385139,-0.9658785635184843,1.4463623849807135,-1.1669841042275144,-0.8986597504028414,0
0.4720112878461134,0.5928197258585478,-0.0911872471853451,0.339812666280962,1.2597871796617905,1.3126286498609478,-1.3319357690264824,1.1391837318235656,0
-0.8400538532192466,0.48245819499017595,1.725949781925645,-0.09489164136726642,-0.7961289486821352,-0.38902949835665385,-0.9779971302512208,0.5599652285828687,0
-0.4541329786209534,-1.6156669321054178,-0.6632248674562896,-0.6458364043447549,0.5951100318334993,0.6191719517346035,0.2232196307096007,0.5199892174472392,0
0.04733260491488455,0.9022965327079298,-0.9734961319979704,1.5128887425793314,-1.5283278351269716,-1.2074139266100963,0.7441804785342894,0.12565267643449685,0
-0.24630544345075897,1.0359498900287,1.5919147335411181,-0.2462405174850446,0.8747009803079171,0.248994976570339,-1.5160224261737436,0.1374791477708148,0
0.948684342477062,-0.4783794574949405,1.4028458782992508,0.16545104587362133,0.9812473138433617,0.06758100308991451,0.06862854005844811,0.5677387852092642,0
-1.4001858141811245,-0.5481065079581926,1.0450894875637287,0.08233822830187343,-0.4593785996466968,0.30614510550618446,1.8496183017512293,-1.9348921810312196,0
1.2310281495372712,0.4237682542519112,0.027240740351695547,2.4178001533370668,-0.6982076920123986,1.956633070192698,-1.9527308234390446,-0.8439160241906819,1
-2.2173197344257862,0.9053600939770453,2.29476123342006,0.9974957906609904,-0.35066813445106837,-0.642605875784288,0.14993912726447878,0.2966170001664591,0
-1.6134403358704197,1.6459583278054404,-0.11314944298261834,0.9125440203891794,2.015308598191665,1.722961096415315,-1.0072633327602492,-0.96843566114555,0
-1.6032199161067235,1.209095866199181,-1.6096947457921587,0.5034404153881343,-0.7280113871989662,0.035879202651263306,-0.746576437141169,-0.6861443614229135,0
0.9374424723472314,0.29845805641008183,-0.16620915399104416,0.7104733244651794,-1.2329150284684398,0.37687407833903647,-0.8677851291912556,0.02966277721046193,0
0.2208971016305687,0.9418825841940538,-0.784234576222578,-0.15089900892224842,-1.6394837266481268,-0.009931810744769148,1.151915645476368,2.14900073931037,0
0.06805809621412669,-1.2827205158517032,1.0017089861228525,-0.16052725542089583,0.4099139769051814,0.7203597415260834,0.6318729716889594,-1.4839463453916337,0
0.3464575355422879,-1.1460111385068115,0.8100061341927276,1.6888613122528082,0.5156645637943953,-2.2781945346706083,0.8594479682477152,-0.3851807554600671,0
1.079452245723202,2.042717282784369,1.2492663448869004,-0.560982908738833,-1.421515111457022,0.07524828823619545,-0.8009879603520893,1.6689572020490577,0
0.9927721294138326,-0.7746117857649166,0.9713280896954314,-0.5572241278482313,1.0725988635566654,-0.38532337413534873,0.9066490784970965,-0.7347480709249833,0
-1.6094815363441497,-1.306292470954121,-0.42106858335538616,-0.056685272949376614,-1.6776682032012866,-0.09235701948348192,0.7897246607264088,0.8909111781935304,0
-0.5312791493394068,-1.6067837588485356,2.554372769592589,-1.5214807158251569,0.02467815513201223,1.6359564312838362,-0.37446886744992297,0.0283733806688335,0
-0.46663448831902066,0.048263475491124204,0.547632143809585,0.24515639457356234,-0.9739092469991224,0.8478002228533681,1.2608916320285666,-1.4690317429115156,0
-1.1745956250206693,0.04624151800411194,0.3148689283011035,1.1476142368240227,0.39262872416388406,-0.47876804800447464,1.3878082802253284,0.1448640168101036,0
0.8794408412187328,-0.7816413421551115,0.434631903997952,0.6857463946483344,2.5471518401482807,-0.7475427083977831,0.6958770405524689,0.9248067837317187,0
0.6066247044093994,-0.3539182024608646,-0.14776626447210553,0.21998722846319488,0.522953972753866,1.5333690510106244,0.702200237849802,-1.1305326971074083,0
-1.7370251906364211,0.06443309406399109,0.013132923324913146,0.6750610558682353,0.010698576528456377,-1.0250882102659866,-0.6585174441045459,-0.41329745872830315,0
-1.149251082673564,-0.6963457601836845,0.012192252097915345,-0.548218960145643,0.32695376251218333,0.5360244117318207,0.5106294250323928,0.1045569394092544,0
-0.5600685367077496,-1.128273221922533,0.8708772957018454,0.2679828193185606,0.8047754454887567,-0.71570467961021,0.04328556021988383,-1.529478251691297,0
0.2271768011256664,-0.9940350606295945,-1.0574715009438937,-0.09939742834963598,-0.45398219257191574,-0.25908132082801794,-0.6978311502184492,0.6778015080723836,0
0.6452635937053475,0.3392084400821148,0.4043904497892974,-0.4090986290040211,1.9957585673035272,1.2366152727866717,-0.12796161114990987,0.37137765459467365,0
-0.29734565746619324,-0.24481756922103548,1.765714902622926,2.1957114019804043,1.031935843576285,0.5583611964800226,-0.5656411508205541,-0.2886912990237481,1
-0.3628919115482049,1.3677993736605965,-0.07703904612640457,-0.7422193284252964,-0.22048529914991077,-1.2597205672706757,1.2767831695601215,1.010758460548991,0
1.1887993915426278,-2.0111470741088016,-0.18350787252902465,-0.14905573633037494,2.1832972906393175,-1.276540482642429,0.3055945981307776,-0.24667885406613851,0
0.6096413849235153,-0.5123625814090426,-0.9077184358049479,0.3393661881871443,0.4730856086045338,-0.39812625360217896,0.7646881939515608,0.8197201453516193,0
0.7419224501944958,0.10385328259258123,0.9896928960545816,1.4708912633458027,-1.15306547079832,-0.35650221108616537,-0.026153627825939895,-0.265098549449022,0
-0.010345332659814944,-0.4120757523630126,-2.060503059565504,-0.7827259159822487,-2.285722838035638,1.73533094445539,-0.4152157860505186,-1.3067501978550953,0
-2.368139035209334,0.9128488564489066,0.30325293487660365,-2.0152892998274394,-0.4856858221918999,0.028863751262376648,-0.17277894879707648,0.15720792865100894,0
0.34480986131902674,-0.013886591814398145,-1.4265649854768125,1.1784978854223322,-0.020513603494595897,-0.3628214365247271,0.014771171119226888,0.33115532186010005,0
-1.3023409456545814,-0.34260968906527856,-0.08109813858357577,0.33349443886435476,1.8055797236520805,-0.1387763273742685,0.3086954925624221,0.3657253920451494,0
0.7544677040331416,1.1194503969991856,0.40392387230206817,2.370670776897809,1.0590460672482394,1.0042318244485895,-0.773821140499317,0.29202480698715544,1
0.46211838573936237,-1.847080235270624,-0.30801407610570153,-0.36079298493357215,0.03244947081414511,0.06645917696299226,-0.7189406915685044,0.5538841905824451,0
1.5817802053706593,0.384950838264392,0.2160256421671028,0.202185226399327,0.3529537113852963,-1.1100969717098537,-0.7745326211452465,0.046475664269803756,0
0.6537045603548586,0.43393204586282647,0.07817975640190643,-2.873991496534534,0.4328927758637612,0.3393163021915486,1.256797637951609,1.5195173825076431,0
-0.8897893769660111,-0.001985887789514632,-0.8817933966414526,-0.8662443755917366,0.7944435461749413,0.13206712756243,0.899689149321944,-1.248891659607955,0
-0.10612036335965716,-0.5175867898174873,-1.2622903218445678,-1.8511851119943528,0.9984121589867057,-0.9230107340958512,-0.9860159424946708,0.3992497699266779,0
0.2423385016903735,0.05523756187716068,-1.035780138721214,2.080618884399782,0.9887869470973085,1.8497262883343277,-1.47144691531904,-0.24419024508546838,0
-0.9916433614954554,-1.1582416638588586,0.48001732215915105,0.5778760478264305,0.4185254124368136,2.1516036696216108,1.3662826024236785,-0.9755330103601891,0
0.42318601106624965,0.4269946522949321,0.8071029691142554,0.8530823198548872,1.7010622748683415,1.1017608424715974,1.471188709629387,0.36926776484665824,0
-1.6342749621773343,0.9687993514391764,-0.8354850062823095,-0.6379951013517146,-0.46674459990606937,-0.3198379802729119,0.31993487689062056,1.1001736024660604,0
0.9690949664198959,0.7796950760538025,-0.053586542514687384,1.4324659300777045,-0.13861190655696098,0.5251893796354595,-1.465909382748444,-1.538670098361584,0
-0.19554711403814623,0.6342268165131477,0.6647534840796553,-3.2192975463427773,0.8994133644975734,-0.8831630919740631,1.446402300700539,1.2010162464723488,0
-0.9235340611395483,0.6483150850116488,0.3666226151903776,-1.8810996746906676,-0.30933252437065833,-1.1633508429264787,-0.06811593494986701,0.46358103220470465,0
-0.06651008520451121,1.0790759424847651,0.7761363800083764,0.5843933290064897,-0.665236606912717,-0.5702171109378023,-0.09768210319478239,-2.1527717403794266,0
1.3820058967986952,-1.8915922441790685,1.1487867724010024,-1.0824710730607996,-1.4735766518214763,0.4473326897620355,0.880061956688446,-0.06578772639374865,0
-0.03674516736385023,-1.219213109976948,0.1036608234864065,-0.809248116543765,-0.15022725970197578,-0.03669790905101747,0.9472836107082919,1.0850548894018177,0
0.7172084628534567,0.04007925361283933,-1.7437307804522444,1.3666949595472673,-0.6613000714744435,-0.841861438203412,-0.4921917557551774,-0.8353294444060338,0
0.09957811272344319,-0.5576716147739348,1.1640590513475897,-1.4020483043068201,-0.6458468445547313,-2.621882681759261,0.11950040569729929,1.631709686947017,0
-0.6223831368265038,-0.5369667306076701,-0.5396419910621401,0.9113075944899464,0.9978088011930708,-1.6925017728524858,0.33152474755156136,1.663623626440109,0
-0.8030524074748889,-0.5669224550243578,-1.119575876586432,-0.6497708505063065,-1.620798944120449,0.33411952354646535,-0.7388286274102308,0.1380953998057144,0
-0.532145293374821,-0.6339434310864234,1.875890831757826,-0.7962349281607475,-0.45445450869899073,-0.4665115226926416,0.47884355291286,-0.9093743458478764,0
0.9966254193819571,0.864636144728878,0.3258471192003036,-0.8691304866041188,-0.717422082287231,-2.6969868518326434,-1.2101246071008525,1.3715153368890431,0
0.2763875755551527,1.7380388167942098,0.2967005518141909,-0.3206655855568138,-0.11196323277174619,0.04002117119926387,-1.784208715579235,0.19193788393673444,0
0.9039922264729315,0.6695171744182166,-0.9734697272473574,0.09887287411395707,-0.10034612266786812,0.8631436469827353,-0.3467211452691404,0.5629627262190001,0
-1.9953778054940183,-0.5677275308443186,1.0400377200467932,-0.9026656547380233,1.2517944250601698,-0.5333205840239232,-3.0728596601148332,0.6895921183088319,0
-1.0815223636641882,0.3768397239559464,1.22721194833777,0.27369183588854223,-0.07111303505074602,0.4012431979341408,-0.7504370989918908,1.7822303000683133,0
2.386519651348798,1.2495039704913986,-1.1431450542662893,0.29968891717556306,-1.3220194899668503,-1.0884501816915626,-0.2808145473355527,0.21206237435224604,0
-0.16300943815876623,0.472375027824004,0.739415781168693,0.5175711162416025,0.26152220303645235,-0.04819445381684644,1.9469758176138536,0.40514540058770204,0
0.9371069281542644,-0.8094896527718132,-1.0814140774835113,0.5414013614403024,0.3307613427979356,1.2225840047677596,-0.45757501237540915,-0.7068507269686687,0
0.8201648549290161,1.321235762193603,-1.584814161083272,1.6008499109094776,-1.9056110874811292,1.358150720715763,-1.679911398362533,-0.3939410127145278,0
-0.32122457043929015,0.16483829619273394,-1.165233035922423,-2.100505910686022,-0.9340910997995584,0.9230200526556058,0.015474315852680028,0.11157154305146626,0
-0.40391161538984555,0.054135203357180965,0.7638715524768102,1.7671455547893684,-0.2794264699597458,-0.29451316928341226,-0.42792707892110693,1.163393406830106,0
0.8133788353690324,-0.9917824091567915,0.8008610173478151,-0.27447097197388964,-0.6085102374633078,-0.05414593464767162,0.30902629722272545,-0.6299557459356288,0
-0.847861216471011,1.9442562020148657,0.17609701385855003,0.44903052981775904,0.46943235170407466,0.01668274519964685,-0.761470340700054,1.1721553930696027,0
1.3090862168185537,0.9176163361199097,-0.8434237187665573,0.6227337525309253,0.6168003089463906,0.3956872767605348,-1.1902226501827309,1.0033090309135386,0
1.232835179870728,-0.19884370861330786,0.47911736676003325,-0.14676343158215738,0.7248138853189331,-0.727226064677979,0.364602549065184,1.5072222811833837,0
-0.2407027421563512,0.5253199879117743,-0.2501838243686056,-0.11534749552942708,-0.43026726143271277,-1.1505849724147708,-2.140391486991094,1.2174852472739186,0
1.0078017043860616,0.24441157730469296,0.5614182020016331,0.21691556028008452,-0.008168320215425533,-0.15661941859117728,0.9649496342247758,-0.4002238185685124,0
-1.3325683861150743,-0.04412394027971754,2.2649346024589563,0.9068309412054057,0.28813795177182433,-0.15554661124700797,0.01647928615750138,0.724111229035632,0
-0.46985150200397746,0.1830739082592603,-0.7838874102622244,-0.058377438544119094,-0.13561190633371184,-0.40638371389079203,-0.6763233939947008,1.6764345563297551,0
0.007155969954308612,-2.476985547297453,0.35169290144720894,-0.48759751404549057,0.08698603742042446,1.3078706359500154,-0.5739146876269166,0.5716708713612576,0
0.6490169186804996,-0.9647936536117456,1.037379695163586,-0.05394143642616496,1.2847820523345055,-0.06879521757435578,0.7206265499487889,-0.3109241652140755,0
2.2811935601263236,0.3227770171909662,0.8912015324491002,-1.2362497919868112,0.5946746466725842,1.717675368147779,1.0652877830380987,-1.5830280726205632,0
-0.017633642979156552,0.8381689818547159,0.01925606303602751,-1.1890662810367931,1.2220031361125658,0.016280960741966347,-0.2943843780842371,-1.7373970766488631,0
-1.1489067450545716,-1.0750951177363328,-0.9888435976388298,0.040806150723172965,0.03335940741278631,-2.1022534793380343,-2.6256582220128726,-0.2732400499173172,0
0.8513141805073773,-1.9093723346953968,0.2534407752383175,0.1349250667562492,-1.3552888638102438,0.9674613976388637,1.6332439962279586,1.0657973598359036,0
-2.039892609708244,-0.4341084674832251,0.19663423331859053,-1.0312809944734758,-1.0351104133487454,-0.8264279731649186,0.5717768181238535,-0.45897787758208125,0
-0.9399760848429717,0.589119302556144,-0.31197296707008637,0.6824495776958507,-1.6015272021276152,2.4309365223451525,0.9796381042434333,0.49616418206176116,0
-0.7227923987805308,0.6323688262115531,0.5299225887118062,0.19570684324125928,-1.4279090015195208,0.4072418835662005,0.4168218709378732,0.25301910685713114,0
1.0436003306300434,1.943145769318436,1.4473075180905088,-0.0693860788906255,-0.25741710802593487,0.4943533895140488,-3.552751416282716,1.011771763614938,0
-1.184245588328474,0.5253980398479492,-0.002873973241157931,-0.19401972863861544,-0.521645120594775,0.3338284233402081,-2.029683368885922,-1.007564273250084,0
0.2143567150837995,-0.32113432178469065,-0.5876789491190715,-0.6613124405313718,0.041106942532310946,0.5737265558217443,-1.3793142595648855,-0.28562540002220344,0
0.27128202973479715,-0.9039193519523069,0.44849475761959245,-1.2383152002849789,0.8747518214893029,-0.4994246101612519,-0.7309035722455546,0.49649496559404926,0
-0.6564743346329905,0.2252756065692881,-0.8714817897947591,0.49211221634567115,-0.04431715743081904,-0.699692036013224,1.119184305206322,-2.3795842271631984,0
-0.6040441029317914,-0.4460761475787796,-0.4353977861870682,1.2298821207734072,-0.5768757918882684,1.033509009923861,-0.1639922976081118,-0.7918825797346517,0
-1.3820105108922862,-0.013255663056532464,-0.7713523974794454,0.155593253000485,-0.8256656667888927,1.8395050402076967,-0.30862966033452666,-0.07606766037077936,0
1.8605777990459895,-0.3405249087830102,0.5892767318373966,1.2149623722446736,-0.7839099682386985,0.17813210470561547,-1.1151777485295187,0.9408386818015256,1
0.7922468823808164,-0.9876119323836251,1.0027789960604618,1.0816154712662094,-0.021879075282951122,2.4010710107186943,0.8617755419690043,-0.12068209434437832,0
0.651981081959952,-1.18921804498698,-1.549605071542268,0.035197156025532465,-0.7215948211776559,-0.3911219273042788,0.06858329829044911,0.5762718163686529,0
-1.0930082670251995,1.2484263024905533,1.187664132615316,0.32079265412665087,1.384459752257973,-0.1987248765194765,-1.0312622935921645,0.49316171604616965,0
0.7856355440386159,0.30303353737044825,-0.17552066069369526,0.04820215804762534,0.08688069361506384,-0.13388079890011328,0.3727889715749663,-0.437699017503017,0
0.8443269633105537,1.3433584582270723,1.3119778569097438,-0.0092128904597679,1.179254331376612,0.8116987607927727,0.18578082687773262,0.9739574206392417,0
-1.400209788200092,0.8349403161129465,-0.8937664807735366,-1.3227697502115685,0.13994991029655401,-1.1722601396632364,0.39412746815383065,0.970414891655964,0
0.0356779471772927,0.024040032646899724,-0.4764697274567286,0.6519193555497041,-1.7636067849823884,-1.360659570498563,-1.228187604561687,1.2510657863277395,0
-0.859031697438469,0.06056125393160551,-0.3296876302732765,-0.3688963503627425,-1.6821623178682787,0.6007212754348816,-1.582115273936808,-0.6691545080300708,0
-0.519115259692573,0.9822473309035784,-0.06316433077195131,0.9718795907430798,-0.9841743460726997,0.9090489765001623,-0.2517755829074989,0.08834320811356894,0
-0.7383153584095852,0.5158634603741834,1.6940280017926688,1.1242247419648432,0.9937367657908145,-0.08250123599844306,0.7401107289924419,-0.6383595593325122,0
0.07501917654895172,-0.6877347246113492,-0.040744455706877784,2.0149965529131055,0.03432342967246758,-0.39547622430110524,-1.4694835774558124,0.5498726459469222,0
-1.2544298871821922,0.71608862319026,-0.017972428701783325,-0.899100405938302,-1.033759280901196,0.8090262446765568,0.7199816876138116,0.32555497587730875,0
1.5245352011255708,1.178538949156215,-0.44502748043363705,-0.33689417344322875,0.6017244461636614,-0.06617555953430389,0.5800584903557978,0.6880131003867197,0
-0.6142407060142142,0.5668218522735657,-0.37035422591626804,1.6640189894748292,-0.023008050583072377,-1.273062601791477,0.8802554836185261,-0.6808674399809213,0
1.2237238427377741,1.4282835769281106,-1.2204792346035644,-0.514157457659368,2.2138620966262694,0.28519130510295154,0.037955523409183074,0.22412516293538362,0
0.026227724114079903,0.521121323590636,-0.20047956650551815,-0.06099976906710414,1.317231923604648,-0.7966804367487246,-0.33835762961199034,-0.6516820223815858,0
1.2557638513420315,-0.3506986477734203,-0.6331721235367986,-1.2887918516049648,0.15798036904731647,1.0397410413004424,-0.9318989407179527,-0.004579820856368733,0
-0.5742411460011421,-1.430556149376632,0.6248447854800756,0.9087458026988467,0.6383928002691492,-0.5792390318288223,-0.35288915615577904,1.362598774161025,0
1.251820714783428,0.4407089728828462,-0.16697532311525398,-1.4243296526687619,-0.35162577849605264,1.478750593411387,-2.0515639031215054,1.7008617292781052,1
1.4287791040192674,1.7060653941251478,2.311614212464948,1.2628155790415694,1.9361932407828544,0.8220174920790232,-0.9039775343722757,-0.0025281997504962295,1
1.452748365245147,0.6856084753682749,-0.7110709264776182,0.7416185596124479,0.4187354640065897,-1.6294569002833839,1.4285925533279853,-0.4772125394040447,0
-1.1637240944041627,0.7166196810967257,0.7887505149340988,0.7697440169187222,1.0673780065103713,0.9485392880102201,0.7750991952472095,-0.5557701586118671,0
-0.5561872141986867,1.392691059739159,-0.5533175180649135,-0.688156274820914,-0.5860654089829169,-0.17434279968697866,1.1616226050895395,0.4781531690856512,0
-0.562388771270864,1.1716333260254375,-0.2972150383254127,-0.6402931194089654,0.7969908619947914,0.9168419616949105,1.1574540486321387,-0.547021889524815,0
-0.1800758353259343,-1.4470546972749672,-1.8226534497513998,-1.0161824279032814,-0.6094832728532682,0.2197793521306333,-0.42050756231937914,-1.8223578185243978,0
0.4996349574094456,-0.1009328429864471,0.6199404014834112,0.661670558063914,-1.9679251807448002,0.883989628611082,-0.9447857306076739,0.08926210672815751,0
0.634313060326054,0.9228399982255331,0.6730338519710887,0.1599759859215991,0.36634197939260327,1.5705866497640932,0.5608609431934307,-0.8680556361825776,0
-0.8308027996591166,1.0255448340574285,-0.25380076204971314,1.1657425568425621,0.47184933804220186,-0.5077293407169813,-1.2284102698711528,-0.07133314518127329,0
0.012245550161498836,0.09400343393713365,-1.1491527446175713,-0.30546509168774805,0.3052598630990583,-0.8955185644918773,-0.3742680030061179,0.8689495096158084,0
-0.41526292414021965,0.9947059454803642,-0.14040849388042512,0.34026505594214035,1.452986794323972,0.9948271821922592,1.3499147896284975,-0.9014166482579246,0
0.21514030239530918,0.794062195118701,0.7123695866056945,0.07998205338815462,1.3304638614050608,-0.019135141717621196,0.3727485855464472,0.42887479929542577,0
0.05189949210974612,0.01099516056410282,1.3407378907489345,0.8739547512974315,1.9449523357997787,0.04487189249523033,-0.7559207211920478,-0.3657409365605547,0
0.6730550592940089,1.7406257917213939,0.014326796318505641,-0.46501291255025723,-0.5267227678983495,-1.65542909817587,-0.9969880432910107,0.39599797268449993,1
-2.564130564959636,1.4865593641665988,-0.7227060456125403,0.7727503040673438,2.3260823652516605,-0.13601950483576203,-1.0284288806607425,0.692467795757754,0
1.3800522896531047,1.1125096625035777,0.53094354466742,-0.5641046296426002,0.0009079936022245993,0.4821341129942252,-0.2530562135101564,0.07754405627273542,1
-1.539627195236792,-1.1830686358102604,0.5757808973456674,0.8885159398563583,-0.08054287858169189,-0.6050518032582611,-0.032479012858440834,-1.0279644507250878,0
-0.8163691172862467,0.024359199675103367,1.0478359636294297,0.23962564213901205,0.7645553398811019,-0.18248010694606767,0.7132193117891089,-0.3545316519730508,0
1.6722328633892567,0.33086624869699255,0.07456704227765322,2.8472255383726552,2.2718486709039856,-1.0179880390208105,1.0968841790781436,2.163313000575463,0
0.3935265678307502,-1.3410262384450178,-0.4912636271775019,-1.070373927394737,0.7551835322620165,0.8197299544347088,-0.9607134149248138,0.7460997810412299,0
-0.9546497436191546,0.4168733032958341,-0.5679255510057039,1.1352919254659886,-0.0810242287152282,0.8083389188867393,-1.3327183998673604,1.1305530076672643,0
-1.0932529948063754,0.3428716497306586,1.3553034273720315,-0.16546713792874748,1.2191939158498384,0.13218891223156912,1.1021663744390942,1.5519807955933562,0
0.6495196061520461,1.1976267125932598,2.26394890849412,1.3771857114200874,-0.9647867146979531,0.4399778092477316,0.3243858027165984,-0.8318492885115383,0
0.9166022102103821,-1.2172895227442362,-0.6744342699871662,1.1834785440423603,-0.6549155748402611,0.6943257216836494,-0.9222572986568772,0.12089941127476733,1
-0.7712038170998627,0.6618545442526452,-0.17199979043472086,1.3112444124753253,-1.0745501600880425,0.604559359958139,0.7996633490795831,-0.2731086938869931,0
-0.8133440112117939,1.1238433827459178,0.9425366207319839,0.9516881742482493,0.8164777701035314,0.42269217428251454,-0.20208524289901522,1.439463331070208,0
1.960360130406881,1.1245229925595976,1.7752285071124962,-1.6345422419769693,0.039873380405498746,-0.40450389244202156,-1.0660352310153134,-2.054711093401995,0
0.8404223195982765,0.9566436447818835,-0.7741744495354503,-0.4415414303910995,-0.7604777681670364,-0.9493903814854613,-0.17013035805886287,2.0934790474831693,0
0.928106568775054,1.0217579482228174,1.3188712671032625,0.23521470844386277,0.18911759024015873,0.9221054059355832,-0.12983613919759485,0.37500792952686446,1
-1.0964656600371738,0.06863028984291272,0.5531989775402526,-1.054646201289753,-1.4788412782313614,0.24002760693676725,-0.18893105970452165,-0.2190444011020454,0
-0.3102268719005662,-0.8792879114463247,1.6161461872042377,-2.2985172061986905,-0.040818935011895145,-0.18873705525293533,0.5903332816587494,0.3666897663134208,0
0.29274127539613076,-1.1155058399912388,-1.1793136754647813,0.49258796082421424,-0.371969066918022,-0.18824170104387153,1.0250298763705632,0.4670812207483285,0
-1.6662488345556685,1.0877908339166127,-0.5299269531287418,-0.3481817747291393,-0.2194885247825068,2.1686460334107394,0.8937506081467576,1.8833115571248171,0
0.35997502164345035,-0.00011485545400099516,1.065766916579716,0.2723744065485471,-0.14262997536669125,-0.8279395458405382,0.961589153732239,1.2314415673011299,0
-0.19952609345903435,-3.9223861598306087,0.5533345713254654,-1.074486990140743,-0.798841999880148,-0.6233420540621311,0.3490352480861215,1.1937768895957321,0
0.14949670237558954,3.101669044585857,1.9268907012752572,1.1433934313178844,-1.1667749429666565,1.6433413246794146,-0.7055804097128815,2.934998527280014,1
1.7589500490553502,0.2895723670167216,0.7456898474273348,-1.5037679751641408,1.0695181721901366,-0.018319775519691446,-0.4088045947383126,0.26354891533530755,0
0.7579633841629024,0.8930292592010519,-1.1918476892369674,-1.448683964539266,-0.27895020280235394,0.20044557963324552,-1.6087973390265589,0.4383471797284025,0
0.36984566762422943,-1.4259953703184545,0.9410209022268508,-1.1171570940862836,-2.0985732757730253,-1.415229196618726,-1.3558783484212136,0.10295485691177282,0
1.5172219478833453,0.7295056146407024,1.2653052568483047,0.7759878580212337,-1.1771302986194108,-0.7653754000393811,-0.01529922491740181,0.2625796251730577,0
-0.6900622875461143,-1.114931879074319,-1.8122248115459523,0.18379677079504572,0.45287516923820187,1.6542083333172948,-0.8188493298269585,-0.281372449997778,0
0.13256514096705607,0.43330231094245686,1.7176134380979033,0.6868351175270511,-0.04268520709205659,0.8971015242946601,-1.2856003279400734,1.2866522392725102,1
-0.9980595454038788,0.6802912971341624,-0.5345495701723199,0.061571093329297985,-1.1103511110751132,-1.7001554215801395,0.5880043014175483,1.860897809515512,0
2.087853118398041,2.3537040378555227,0.42783765297441295,0.4626667827566268,-1.0643820374100281,0.4352390541358979,0.36833254118652603,-0.70927685269885,0
1.784847129523755,0.3131530296012913,-0.43534726330152523,-1.67160757003555,2.513159855878116,0.6091599473392536,0.4390393645008938,-0.6424543622043903,0
0.2766054992290315,0.1438308628665377,0.15209941852102687,-1.406993578993467,-0.2711598283605942,0.1985238022659672,-0.08406873792839313,-0.8687701162388513,0
-1.5591229394841153,1.1546202630366256,1.3200583738592222,0.49604083794301446,-0.07279260562153467,-0.4751823806872014,-1.1091158508706325,-0.8257841648732956,0
0.22145207481622436,0.09303556824342474,-0.2650617100100266,-0.783451094190138,-1.0977236948956466,0.11467944510881936,-1.1165138200449685,1.1698449056154698,0
0.5457683563954884,2.054936167831989,0.4328455141188815,0.6456815810777834,0.26622065448672666,0.23469586341539658,0.6752627750322351,-0.13922118474334466,0
1.8913587488317685,0.5437956723036143,0.2769769724141501,-2.26596290455311,-1.4133096521092705,-0.07187348043324196,0.058539133354286094,-0.49985118964080716,0
0.8804847587890109,-0.2941915814471142,-0.027173392830676532,-1.1609577788339758,-0.9742377535397287,-0.3226179717649867,-1.1506093597693294,1.5355196144178689,0
-1.0379081263843855,-0.43961073722063715,0.4601878503541385,-0.13730621000249854,0.5319064453425925,-0.17304908480328413,-0.1400963863602259,-1.143022005950914,0
0.8780732828965385,1.0212326688383053,-0.1545867075831762,1.2698214497760256,0.27945546111057323,0.5538209811410492,-0.9876135690544033,-2.152893492253031,0
0.7644509764794942,2.6095891269654534,-0.5917769436118839,0.06965128208705537,0.6764561934316788,1.279341051046902,0.10837824476494436,0.7128422936903682,0
-0.6319774812686378,-0.3029385257544478,1.0611198202894034,0.2614339359385782,-2.1894876202221174,-0.002597642678357171,1.8542665753020564,-0.07902182400217768,0
1.5941032562610729,-1.331473946350621,0.6455781529278846,0.6135169307371968,-0.2666343301024968,0.4275260867992589,-1.0396480888941722,-0.9249353569644797,1
-1.0193440986080289,-0.3936760194293853,0.5010950140702812,-0.02085160589443925,0.7000851355266545,1.1425428182195396,-0.5020936224753039,-0.5129059534813044,0
1.4978562277111445,-0.9889002242389084,-1.2947775018714658,-0.7507344153597142,-1.4996733125763733,-1.3628942481173223,-1.1586248658851213,-0.4481029515005367,0
0.5595395636015251,-0.15890622389462225,-0.8034031665916298,1.9034678430081335,-0.3710967899638824,0.45180546997452603,0.47358646060528964,-0.30916426719337403,0
0.4579911180529257,0.21737980681575367,-0.45907894365795365,-0.5848523037493755,-0.032550764044528245,-1.8173819394002921,0.047003768917255884,0.15258443277332234,0
0.3540615410369178,0.31299457297263883,-0.35950310875734803,1.4202692280952582,-0.997870391796192,-0.8333121150054319,-0.04785354537611643,1.6388520875310963,0
1.0840309907756247,1.1979594402988898,1.6693199877064884,-0.8432533084816167,-2.774617256091274,0.5994751317316692,-1.0445907543806963,-0.27347223259236636,0
0.7340401097556708,-1.0976524976901765,-0.339344992367794,1.0235161519902898,1.1688164703159936,0.846500653684964,1.3776055924160744,-0.5060013443593602,0
-0.19610864884509432,0.9704706219594168,0.9465845520751945,1.0263464719333755,1.0783399536315574,2.1281277944592603,0.6706971872900203,-1.0569649132529342,0
0.3894446055504392,-0.49296317296298126,-0.7805627076165442,1.210793481848179,1.8059846603438812,0.4885299867717275,0.4496070133373485,-0.3903964659815073,0
-0.42035154458179763,-1.690695589930429,0.7935541667526541,-0.4307762522927458,0.6177235444287129,0.4753542147353034,-1.977137867322279,1.2519858845740333,0
0.3322128454033241,0.4356477872726694,-1.3861388578744365,0.15343929571180476,-0.7434564081703637,0.045928999536916114,2.018439374754812,-1.0484780380294652,0
-1.6340352653384016,-0.06633059675777346,-0.019103410480406733,0.34584381602339526,1.4935710837096814,-0.7117400319225112,0.45314094445753084,-1.184878303544869,0
-1.2765192405307229,0.33672586497239865,0.8074025351746887,-0.4126120939034143,-1.1159806255888751,-1.3094588595746115,-0.45526456860349634,-0.16651427224734822,0
0.6209455275333768,-0.7371649612577985,-1.3731027623187197,-1.1962500599964108,-1.6963395786320377,-0.6474213509215723,-0.09999970155463536,1.1664971959679533,0
1.3840677025471158,1.0218914542800261,-0.5908529761703347,-0.2486631111597172,0.653301292385784,0.3120367686702366,1.1659772640572879,-0.9482262003484382,0
0.5696007025181925,0.29272336068882593,0.05340509560216493,0.2948610549263903,-1.2412893269751373,0.40526399701651333,-0.35527336867882797,-0.27228026019566365,0
-0.2635837722669822,2.0029124077858733,0.49718417795986247,0.4844842708028688,1.7927937416124209,1.195791114057028,1.1842457294847033,-0.8978891910281919,0
-0.0959426614497865,-0.07796602925657774,0.9523424617298918,1.5176764944107815,0.6786292508328514,0.8412420409031093,1.0358874899836996,0.5126546187994678,0
-1.2458311820041301,0.7190429765729187,-0.6678407362244857,-0.6797697692442661,0.8067763137479377,-0.8421330514467634,0.679917795129868,-0.3347757480387703,0
-0.020694610028001163,-0.281818600972144,0.4828285786921951,-0.23763237008735097,-0.24640212021158617,0.41347919090091584,-0.1619442419770856,-1.6763253371468392,0
0.6303143517942643,-0.11993644858565422,1.5344233451862095,0.8978260223043317,0.22541651290388176,1.4990503880339985,0.3803387280105366,0.7454238407324902,1
0.705258006897562,0.2619986462055597,-0.10824405714215528,-2.0306867480073745,0.1280976145810682,0.4400710245811113,-0.1056581279891095,-0.23323315414824367,0
0.19421356921755503,-1.4405799751502935,0.5127312021560525,0.41560634119777856,2.577826218641622,-0.884241918958241,-1.1840601014077512,2.7330145745201317,0
3.545620857482943,1.0108140434477568,0.7140872073286644,-1.1400201819574776,-0.767978586657537,1.1736291330979571,-0.12861092693299814,2.4230002101591315,1
0.16795407505654267,1.237709952690371,-0.5596744961666636,1.5289212407827033,-1.015046355391479,0.6919268327980711,-0.4698293224693904,0.4187906393035274,0
0.7284046479310897,0.26646998784962794,-2.018779330277394,1.2566082101005622,0.8973079720533301,0.6385078291773628,-0.3314676088643401,-1.0551225090056728,0
-0.2884994610260975,-1.5727008742582247,-1.0415586857368087,0.9351672299339422,-3.2438961200853305,0.5640206308875818,-1.1640890591307635,0.6875295325584433,0
0.8084056718227133,1.022151669756271,-0.3340765841283595,0.3064478146790963,0.726561670129584,1.164314521753115,-1.6386123824881613,1.4535935087514011,1
-0.896436417434024,1.1829298325816913,-0.31349099456465873,0.3471290352184256,-0.8276060953300418,0.9303497334635058,1.2386316362163703,0.171072214959798,0
-0.06181749659284894,-2.320353264528282,1.9769520240696126,-0.3540599751712413,-0.07168841277791539,2.712999748845502,0.2190705698878587,-1.455991781617531,0
1.0971168220024663,1.6308193071462953,0.3461386767672954,-0.09109389837528548,-1.7700006959963486,-1.0763977056184917,-0.9853367781720472,-1.1341714848229758,1
2.285873534862757,-1.3900940387980325,-0.4076857800927707,0.23449838830396263,0.27958367883781876,-0.8598685980184063,0.268905634490805,0.7651154331273894,0
-1.1281183999664788,1.5483255264058184,-0.12307509729761237,-1.2056542297141974,-1.1843457335213192,-1.2931873313764406,1.4693393899625955,1.2980174767512151,0
0.5569703851224111,-0.7521769406248345,2.30443879689452,-1.082910744984039,-0.7610613892552958,0.6165521014335774,1.5377068528549396,-2.256696012012135,0
0.4561975606344285,-0.8052800668213548,-1.2530363533078281,0.3945265855551313,-0.4830659510056993,0.14410284693771264,-2.255155843049543,0.432623492569679,0
1.1817817633024454,-1.3292104023174887,-1.0045722725187296,0.6885797265168638,1.3260173805683537,0.593717360932267,1.327421157008732,-2.462182796154807,0
-1.0951770072581544,0.353945333897828,0.36206956895216735,-0.2488571770155296,-0.9800606492156587,-0.17452857166922567,-1.4504375033831267,-0.7730233493742289,0
-1.92893656501442,-1.6029642985750643,-0.006523649739293528,0.9493288287245539,-0.6817030681532446,-0.3928181250861771,1.7456989462369121,-1.6929218685791667,0
-1.0863654540972822,0.018486571643667227,-0.32457848127070754,0.375943104443475,-0.39664480671576685,1.4133611113804108,0.11617156675754348,1.1353040357762962,0
-0.039045309360971406,-1.11352259194164,0.6643083790227652,0.4191201278759548,-0.4773691377908578,-1.3174470238711895,-1.558254670413175,-0.557362887002134,0
-0.5914292808819094,-0.16196988194824088,-0.15368237719726183,-0.3859826792260468,-0.996370307794905,0.9546678978059152,1.0614114192484285,1.0570371537185463,0
0.6564159659972149,0.33201733742658424,3.0896198715850076,0.66386974123211,-0.5559598534204826,-1.4818640229506774,0.8366339247072624,-0.10693065681288501,0
-0.5619238993600173,0.20520304439380713,-0.987040381541377,-0.7576257465787193,-0.9549356253958533,-0.5873136756950069,0.8293934712238167,-1.0051454642767936,0
0.44610959344787254,-0.25009552974329236,-1.627759200468439,1.228477973029471,0.748595861865736,-0.8176493058488905,0.22608316063318365,-1.0337282971301656,0
0.790972923654021,0.2093740153214465,0.3993190929789182,-0.9474544311275884,-0.08709198112008831,-0.42336355072364507,-0.2467492028882956,0.03699509109163478,0
-2.12384216020484,0.21606207350664622,-0.2794709589707793,-0.7994082737172478,1.6600067393614666,1.623708433012624,-1.4871927036686532,-0.8931443807671507,0
0.7881758551108243,-0.6778345363243209,-0.1562419284458305,-0.3376202295910045,0.2820638522095297,-0.4723024200388825,0.05676626969737713,-0.21527525082095728,0
-0.5163797348820992,0.20458696730411394,-0.47282346812411913,-1.278434075765476,-0.09265112923278405,-0.9863894960871646,0.535328237001447,-0.17161400005022504,0
-0.3787753746780727,1.2627457712458638,0.019510308483427847,0.048313621203126614,1.334288929752529,0.7581321614795369,0.4807913561949261,0.7384110075464179,0
-0.09489557318033436,-0.22178097635983074,-1.4231444778964897,-0.8329315417850931,-0.6433336810128879,1.0169492034680447,-0.8052524282640363,0.229466604231742,0
0.3673161650073703,0.3521992669742911,1.0049499141062155,-1.2741861276498674,1.502343382302481,-1.0740398507245588,-0.23727211308152446,0.5234042344426361,0
-0.30735214612261874,-1.1195978002655824,-2.2818662277187993,-0.21079423957254728,1.4702841053821147,1.2638022457095255,-2.1715618841550772,0.30523606427971167,0
0.3553773693603942,-1.140009411857629,-1.0958043011520409,-0.6620419343674733,-0.9150853367933895,-0.5382666042210467,-0.9020661173102018,0.8662620664049718,0
-0.7119398061523754,-0.6175317738508508,-1.9728353324219283,-0.1705751323169833,-0.7076733960341124,-1.6156808206751212,-0.9102844644311884,-0.18620539820234103,0
0.3924414097514849,1.5654477191887441,2.6591537122197937,-0.22994964395308615,-1.3671677684369405,0.023920198026636346,-0.8309424584696904,-0.009850566908368804,0
0.7793259572104029,0.12733496566690292,0.23283926645862818,-0.08574775165879897,-0.9313727795764474,-1.096555951502017,-1.2338193741342176,0.6258461929441561,0
-0.36694330748333154,0.5831107660961405,-0.5239018599974101,-0.32826991003181083,0.30916029566927605,-0.07457275881200283,-1.1067451244107853,-1.0116656119368101,0
0.23409813820780065,-2.1116007584850034,0.7725715601565276,0.288330218624768,0.031209911371436916,0.8411049243713763,-0.15727365238615726,0.9987486341587999,0
0.6531901044959003,-0.31401425056132876,-0.8447139125116291,0.17625911112616865,-0.2269264512072232,-0.5784232742623584,-0.07143412048934644,-0.7511708171621547,0
1.8971820466988156,-0.14952483950621592,1.3422331259942653,0.7016724484234235,1.8280234552799925,0.3030870475480079,-1.158215999884301,0.38724531335824003,0
1.1390835887932782,-1.4174490349014384,0.3807580498947916,1.8722209652935897,0.780075938664519,1.5573256666415527,-0.16370627942001573,-0.9966488572775053,0
0.27200633218245374,0.059079865599650304,0.9349519951470999,0.08168636003109431,-0.6543933374724917,0.46904317445797583,0.826718307577041,-2.0364388674589584,0
-1.503233610932573,0.6815205299047462,1.215032435977396,-0.7434456133366133,-2.0798954826050173,-1.9233686120060447,-0.01794775361434756,-0.984835280054757,0
1.105860195261661,-0.3604876925946578,-0.7860523861528969,-0.6315661121364601,-1.3229275744629052,-0.27276230389077244,0.2298500597054492,-1.8948067927410404,0
0.618508038446584,0.42850520183108487,-0.5553556679118702,-1.8775583111055847,-0.2905422562026775,-0.39389206759968276,-0.3967421869222805,0.09219677599759213,0
1.125937469792758,-1.4075428025820234,-1.3836569967865475,0.5975099058226713,0.7300981906773119,-0.22374615810606557,-0.6785146061527093,0.8935134374929885,0
0.08831419607293901,-0.6157934906003326,-0.8029706248743955,-0.10220826444851365,0.6079747344746068,1.57827236817883,0.2679637846165821,-0.16158015750929874,0
-0.7782407677129622,-0.24178964413759144,-1.0599791812352708,1.1594995315445247,-0.9232870984090178,-0.12070116035190495,0.5923744509911701,1.0413880859921842,0
-0.6836683432930063,1.887808064220691,-2.7379365751889635,-1.336494411834673,-0.6267010906429226,0.7165131534772831,-0.10102301256966961,0.8332792689603554,0
-0.37520418402429123,0.6882753791993654,0.760790782108819,0.753303452891163,0.8246052967172484,1.6303117974366799,-0.8140878627169987,0.278503555692891,0
-1.9454619256712833,-1.0279116010122489,1.9344313585621176,0.8864821779779859,0.6630574518358483,0.3192698501638188,-0.19458588335711124,-0.7302283270231053,0
0.45051956617802696,0.620365323724823,-2.383538566298934,-1.2368175272960635,0.42850691044460315,-1.0551069308245935,-0.20737784827921465,1.7441111531848625,0
1.3744189935687832,-0.26421088407413196,-0.933677581405442,1.0493867404897856,1.763856545424105,-0.7461719364066242,0.7987184387549231,-0.6477488391324117,0
-0.7342135594054242,0.4989568320866797,0.47054684165239696,-0.003998230899012073,-0.7566841200281331,-2.0849955930023802,2.9298407788450964,0.05132439196149697,0
0.7385494224805594,1.6518559776709858,-0.5717103370688698,-0.2287973832763796,-0.4849704834547236,-2.057113010382425,-1.0913562232694043,0.3880826286531023,0
-0.1805645306335279,0.4954875325865921,-0.16899880505091355,0.866618052878617,-0.37521841730480365,0.02307706697631922,1.3764796635621825,-0.059814819061344844,0
2.133847951142594,-1.4599974245593599,-0.8652044459724819,-0.4352529785069085,-0.14882911293530676,1.8281082513463147,1.0816972195091183,0.30500440894054903,0
0.29422871033604664,-1.2889303168353499,0.21832919504114415,1.751997269573836,-0.7054326231058813,-0.7427232707257062,0.13918219040656896,1.0859789261225048,0
1.718531321994891,1.3748618669414177,-0.4258557014894188,2.299144075711917,-1.0343313082892334,-0.6396090309665589,0.3554418715861303,-1.0638845981203566,0
0.6443899129254199,1.81686228338789,0.1965766452035999,-2.4823598496437396,-0.061342796646519114,0.5110022876908835,0.09855778814366405,-0.3597060904051086,0
0.030237733897052952,-1.1872638912733877,0.10785682496435281,-0.23440724457672701,-0.6016519934243907,1.9700261909822054,-0.5941239740355414,0.9892454319297377,0
0.6949217492018469,1.332848187206484,-2.6820196089357298,-0.19398514029125694,-1.2779921597350432,0.08807257225324445,0.15193009487512396,-0.5993281086673686,0
1.9437349503461823,0.9310150711735856,-0.5641537699041873,2.4442890309552476,-0.5496085569790196,-0.4075260038274128,1.2490584107480394,-0.6895001045516859,0
1.2828885578397147,1.0143460783649993,2.5494106469328646,-0.880367375277469,-0.7216929221125739,1.8417084033051754,-0.9893625481708184,0.5996112759768302,1
0.695762115053606,-0.28247110090643424,-0.4501965994739447,-0.98783389529567,0.8227688263068387,0.7401096541638027,-0.1965411832693783,0.05277786723136673,0
-1.1548490420568023,0.8832619201975698,-0.5489507735910445,0.21721412212110477,0.4761007865830474,0.5882813426151448,2.655985581840038,0.498448840917444,0
-1.5982479094123445,0.30102580444093,0.7122095947413004,-1.5240129504623927,-0.6175049964858079,0.14003077809554434,0.5730625882716742,-0.7725450234306872,0
0.13012935283025454,0.26172072720011164,0.9494727180334779,1.3697105093361208,0.16209398231748542,1.3629549027133567,-0.5364732627796168,-0.4808958260319079,0
-0.06696963456170102,-1.029410754716648,-0.20101546985548197,0.2365663318908404,1.1062799847807392,0.3172187147351557,0.5893473969738984,0.6495693589296683,0
-1.4876224740750326,-0.08896685086785086,0.9145082523108238,0.7420430631737885,0.8555421693315747,0.1330302860960324,0.5832384121227554,-0.25654733233632754,0
-2.351343586572957,0.9684928095960984,0.887422660108082,-0.9710910144613617,-0.29059329040095516,-0.8833608726140099,1.2780421547306775,-1.0049245207615514,0
0.7676671516986359,-0.7895880013086111,1.7628202828593744,0.7781575271545093,0.2023210035342187,-1.183232002383168,1.3674707985567565,0.05280905934049516,0
-0.26824084901912437,0.9095926447045921,1.8423490471211519,1.2126092254891776,0.22031562452166897,1.4355407481714282,-0.5139352079130654,1.550269916954968,1
-0.6543692186797636,-1.5287828169774473,-0.19359383092975052,-0.031019920186441053,-1.0677603288961868,-0.2515568726102724,-1.90863883947378,-0.5692997106311887,0
0.7908046029347384,-1.09233243877115,-0.4076780677122358,0.7233541308037174,1.4592161214170067,0.5015375107897503,-1.7341401157468779,-0.1642651889163675,0
1.265663143417389,-0.5508797631907817,0.5803067827902709,0.3571701132910272,-1.7788293041589525,-0.599330586624106,-0.961460264819402,-0.12116138863407636,0
0.6574345308586851,-0.025721901966373716,0.9486828925894557,-1.4746740029182344,-0.9210104891652151,-0.06262202620663364,1.0323720431728753,-0.6532775003029498,0
0.6865978296344335,-1.324919533340409,1.0073038573384205,2.2148061658125116,-0.07028051479784515,0.3836917104270382,1.4581959646725582,1.3622627274043622,0
0.3956851080713274,2.726250149182459,0.79644580756375,0.2811638875028209,0.6292361626783928,0.39078530947632173,0.27974823116469505,-0.06614957116393277,0
1.9747867324212622,0.13971718500966587,0.33988659468746774,-0.2042593938489536,0.38444621645629096,-0.14851121213590626,0.6140644177604412,-0.13313532140771045,0
-0.2805110932723994,-0.7737756621199502,0.11476530326947229,-0.8127940573330554,0.8256630368889392,-0.20747867854328111,-0.4667644383288858,0.4924744300548291,0
0.8369483888335854,0.09737391768768278,-1.9903362146631496,-0.7212064665834319,-0.7778751264485654,-0.4229118830717438,0.02733472696547346,0.4852255769435801,0
-0.061315727048365506,0.5052093761167579,0.9234868339055546,0.2809509400408266,1.3927762716219634,0.6949213399148709,-1.1886500494727388,1.561651891415772,0
1.7672080213461552,0.1258982973777764,1.888033384499628,-1.0649010391422766,0.7591499430822448,-0.6865526247217912,0.06961182039841128,-1.0546715244708007,0
0.4417554201891694,-0.7251895783142273,1.4085631852063965,-0.6541956574881502,0.7098492621486274,-0.877045752744711,-0.9440193981033966,0.2615919373341626,0
1.6429870615135793,0.4607129930041256,-0.14594819204198237,-0.4703226046235218,1.7550101661961772,-1.0917001270688262,0.2096458057121344,1.9116630421440806,0
-1.039960790042492,0.4803679907882638,-0.822602916175263,0.6150426040583427,1.5100565471335319,2.6953792049743233,1.4145249645767588,0.4816879655274782,0
1.0793976002979895,0.19402316451780777,-0.46530756384712935,1.8206311151345795,-2.3555780925230385,1.826762662548266,-0.35743945470960264,2.5062237673394248,1
1.102914527818508,1.8238432788705619,2.230426957641088,1.2565093560125993,-0.462714723798715,1.0729175798117,-2.2620284798463364,1.2983879373299128,1
0.6067509595390675,-0.7893849477505612,0.4231495644784008,0.9269157273883366,0.25014694231133366,-1.6600359782049032,1.7376771334395882,-0.22104261173294476,0
0.4291186527816905,-1.430226006855362,-1.3960638153769116,-0.3513813887042357,-0.16256794374802042,-0.10292022980537768,-0.23123414957105834,0.731970808835566,0
0.5466611525880267,1.480923529413525,0.7075320448662201,-0.3256747317269193,0.4938002649563816,1.0122858647730095,2.23879446645014,-0.4284941287689886,0
0.9292670501432565,-0.41682985826088415,0.5980356943248177,-0.8975025909783189,1.0583521384736965,-0.33067230575645357,-0.15550151032981518,1.9406402980037876,0
1.0526517886368976,-1.6368022651718,-0.5980759976122233,0.12487610631796972,0.07600374121726682,-0.41353224882047823,-6.73196358772486e-06,0.5664904842706524,0
1.6677364234061023,-1.0289505655163775,-0.2490414273595805,1.0360398674538447,1.5979187088027986,0.9107252069816761,-1.5115492339684131,-0.520452860149577,0
-1.0985222168691346,0.3153334167336806,1.2003034747818728,-1.4366938874099144,-2.17617623812262,-1.5398440667120559,-0.3952356840898541,0.984589901558148,0
-0.8318193786401868,-1.3593402610104086,-0.12786850970814798,-0.4407839581074238,0.4405065522401962,1.3076084522006333,-0.7639548128942458,0.23091704195400528,0
-1.033234677252604,-0.45526209280229235,-1.0801388913595955,-0.3956627297027055,-0.35582996211658774,0.3759351971748893,-0.018660364729709278,-0.5740639548837121,0
-1.0478136393588628,2.1958453733434182,0.09307776140170634,-1.1282953351903167,1.1187377194340113,-1.326812122170226,0.6344430692161348,0.9740192906846368,0
0.623579584902068,2.3666993011055624,4.606503326772547,-0.031335192998854344,0.06738800876879752,0.2336584718455158,-1.2247855674265766,0.6691775873661612,1
0.6349768578229417,-0.4372852536166841,-0.268355033190755,0.3551521105622991,1.3064511408995458,0.44881371573605866,-1.0427268891441377,0.29879645388335285,0
-1.1809004782178936,0.8137019346760702,-0.046177253069211735,-0.33824157418601597,-0.5500758878988276,0.48362417736780206,0.238568976903483,0.31335243811261615,0
0.23672013700474834,-0.13540131783505274,-0.2174614612190413,0.4513471514142656,0.12365530937319047,1.1683278776529729,-0.8854988207240452,-0.10335628362462428,0
0.09498308076860848,-0.19344174847012,-0.42566389365292784,0.02157357457420069,0.19035875476138545,0.7382632755615836,-0.28298285548259305,-0.32061165880751,0
-0.9000211520992372,0.6589441125443463,1.4864600082679824,0.4205607313464418,-0.6676738414435905,-0.7834300429670797,-0.947785156829945,0.09002765434522793,0
-1.5635130206425993,2.4550564065892573,-0.357642347525907,0.8134207057680305,1.1797328600602246,-0.8387447407648907,0.6030118040816057,-0.7423711867238018,0
0.5370916555166119,-1.0965988208239954,-1.9464887248257936,-0.30049260223343693,0.31701589171327477,0.5335261311954467,0.19362562544933828,-0.5036511849876438,0
0.7809270798263367,-1.130529014032856,-0.8539674362415027,-0.4504127462164678,-0.30527464352815437,0.2373189124011316,0.6108168690943253,0.06393474946789277,0
0.5060875663013847,-0.752050776826823,-0.1558937523501728,0.1772877219543954,-0.5037722507914644,1.165361776648626,-0.05453176588205026,-0.17048200005884676,0
1.6981946466985833,-0.15198636250193082,-0.15662687520693572,-1.9193438788821435,-0.2837178856745339,-0.9163253228561743,-0.12108490334196288,0.5795996382346886,0
-2.428287482331784,-1.249058310635839,0.5287685418646922,-0.63755769019449,-0.9946622964139337,1.5208406147203133,-1.3621267693516574,0.22479697559009235,0
-1.2855196712645642,-0.13495997163519188,-0.6871538492161532,0.26478344618858374,0.6096796649182386,-0.5647889871615069,1.4968700131545372,0.6317960009002836,0
0.7300042815050046,-0.3896691475600437,0.7390060961698484,-1.672466628042769,-0.9622274822729506,0.5520432487281,0.0625214376638312,-0.38270090056880096,0
2.3344729565613473,-1.3767862928983177,0.7219772671983493,0.5158082809819562,-0.777825151851532,0.21482535469304578,-0.4305602720201266,-2.290484514739242,0
-1.170535164158346,0.8927272812456069,0.13629146054250124,0.4994271782040834,-0.07771401308864152,0.44918972820744435,-0.31466740671043736,-1.0186414573205025,0
0.8035031944131391,-0.9979110376751379,-0.07564550475070828,-0.35804404654925315,1.931209960722417,-0.6443437621351318,0.007186837310994748,0.7430770405821465,0
0.33497590521089016,1.135405599809701,0.39531639396875384,0.853926347397398,1.8185373125557829,-1.1511385374586365,0.5982406674044263,1.2064289282175051,0
-1.992191167601812,1.4942508809073385,1.0108384113195417,-1.7287425924240178,1.0738546647854794,-0.17847392562826875,0.9032948303221011,0.7456649916187403,0
-0.9345076354168521,0.1913813155560599,0.2709711787225872,-0.816942268168698,0.9745193483597009,-1.075859643919591,1.1440680866508264,1.8903861481266555,0
-0.03210909730378573,-0.07205733823724082,-0.25954910487853294,-0.2269464707860154,-0.8400326065399256,0.11352133024220004,-0.6621350983837503,0.0067575174976580565,0
-0.8621702535750682,0.1735225614668713,-0.5233842555187698,-0.8412565848080432,-0.852576577037628,0.5551005960279112,-1.375962769139522,0.4799148601845884,0
0.05154433359223593,0.887157388810866,0.38159592979902107,-1.0135163442304769,0.3269040680251929,-0.023037102010338362,-0.4605713189229747,-1.1872174766332733,0
1.592073830409061,0.9802880129773102,-0.5528426247263206,0.39998292899010407,0.2605995402562683,-0.5101427742997736,-0.36545561079471117,-0.694762439602372,0
-0.7783600326002641,-0.5763530635356513,0.744824571774551,-1.213844724628591,1.0331186484043087,0.5558528711104381,2.3643680587107276,0.6152801674068196,0
-0.2654680011477486,-0.5943438143916755,-1.0683748973316778,-0.42554100338548806,0.9638700667006203,-0.19934250740226375,0.21753251347962232,-0.2596817275557461,0
-2.5118537004807195,2.4713893877461794,-1.0643671969527602,1.2416314469165795,0.6264588322883677,-0.32271620822645797,-1.4860700596398213,-1.916430333978471,0
1.2669655251243537,-0.29300156968187213,-1.0697434656310318,-1.3915565171502926,-0.06698032669764528,-0.32556126006924174,-0.8008905707132239,1.4444177168765138,0
2.073149148899108,-0.02427059655852004,1.7657391809824108,1.1276172005332321,1.198434668268495,1.3191804751069445,0.28564933790445146,2.1729823764737284,1
0.6424901009520434,-0.169514716008254,-1.575108722387091,1.38898929937147,-1.5491683359784383,0.7823109618258566,0.5220301092387423,0.7993503305358937,0
1.10777573124357,-1.446862209969058,-0.0867780280901576,0.048835953728336455,1.7423952451411686,-1.8053877258063686,-1.04285849814449,-0.13409008090500701,0
1.314700352929989,2.4639711277797076,-0.15179178290062834,-0.7872078104038325,-0.7230387612482475,1.001492188905352,-2.429580818124355,0.11437731552677283,1
0.4845007063008875,1.2976217077292949,-1.6656289658204322,1.8287309788017445,-0.38582499317915886,-0.7836752833419625,0.7662842858443268,1.5319960296274404,0
-0.7652906931570003,0.3948838018606105,-1.0837712467619771,-2.417885073430919,1.0355225863827249,0.48223936904726755,0.6550473493712555,-0.41869698283453144,0
-0.2108050709015839,-1.6792056828856234,0.9739516688655825,0.48804933328751643,-0.30971234800632597,0.25809577701381203,0.703836556891405,0.10433881434708585,0
0.3282168485981624,-0.3481901701060226,0.34738652471976705,2.9616942013866305,-0.5231341704476086,1.1087566647389948,1.5510641461831896,-1.3024981625789227,0
0.38856716167775157,-0.46882791584357436,-0.3071871988739555,0.781872998872877,0.8078013766371542,1.6329165529442318,0.6172499943226076,0.5589501752587936,0
0.2802167532840639,-0.58926390410806,-0.677948603085762,0.33607176376248526,-1.8336863833397519,0.46187298488976736,-0.2914722681153562,-0.3330384909379156,0
-0.29524213180047487,0.7375111590988019,-2.56076461502263,0.23747297584319374,0.07352487234737558,-1.6169401484998764,-0.18790951406020573,-0.8677492746130139,0
-0.8300065662454892,0.7640627721083924,-1.7586686007732462,-1.5685760535453612,1.299408687692447,-2.048237382575592,-0.5739459942652171,1.3307149929934756,0
0.014294612996880411,0.05385085145466008,1.226600530479767,0.6860879313156927,0.9893406614143487,-0.9291305020082072,-0.8979485153448216,0.009129507464799335,0
3.5659275913757726,-0.17083663160741414,0.8860742121411035,0.8164375820634303,-0.2988284975678808,0.31079262456439793,-0.33640423278307824,0.0071733608814845695,1
0.2678252814634429,-1.0312458246368312,-0.21242125962368053,0.06436001810088124,-1.6404686446107195,-0.8790695456713252,1.7907722008571842,-0.045010238456352096,0
0.4531728634907285,1.1678276581861342,0.6144602246417157,-0.6424496305015492,0.44452407748273615,0.8284748006566623,0.565197913004566,-1.0334634910879605,0
-0.5993575159461852,-1.104092616871455,-0.6733114668279622,-1.5512026500294651,-0.5219224943137419,2.3726111682631195,0.30220734431356855,0.7521240732620675,0
-0.44156664557519565,-1.192902197649126,0.0113999985132258,-2.348490652852717,-0.45021924734072993,0.3078503889576619,1.7344983197713515,-0.39386209949720163,0
3.166691443270266,0.03444251875568105,2.23211479591444,-0.5205812714821789,-0.6291957014854552,0.697459926805114,-0.8345327194063309,-0.33663144100117093,1
0.13182570916365755,-1.101592699982556,-0.03703889808107434,0.21266207066112294,1.094636362929505,-0.5515706488367614,0.025193693746713028,-1.344413797131679,0
1.145368297124015,1.293970192888209,-0.533270296471309,1.1761443579020185,0.6045528450783353,0.34939852867945437,1.7140574124281183,-1.801208546672532,0
-0.5844038261103063,0.34362795734700674,0.6440979876806847,0.15330209426031963,0.3065712546721834,0.05498975480003958,1.321450097586635,0.3580647958295127,0
0.6163134147983061,-0.029384504917964197,0.26405422065394263,-0.5842514065299668,0.7006050883021927,0.07442332052404721,-2.345234723641802,-0.1713495878177463,0
0.6091236435116005,0.05025710768330998,1.23706006343462,-0.5367125180648491,-2.330161398523405,1.9345769943980589,1.0630529674444058,1.3304695118580838,0
-0.8309521662457039,0.6634826581740517,0.4326419156586018,-2.008860708475418,-0.8251747136279911,-0.7759683209826895,-1.5253206822677916,0.9903036797510685,0
1.5559407754067651,-1.2595860506963508,0.7383438950736279,0.37142352140211504,-1.2705992821507905,-1.6417284447385865,-1.2292432152125357,-2.0150952824198702,0
-1.6751590058908068,-0.34328962632273735,-0.5871574622884537,0.2063284916849492,1.2134402598447533,-0.7665919669016755,-0.9553656805602141,-0.30215130697885223,0
0.7470303942868833,-0.9221053100615297,-0.16416590403897824,-1.5610778988446667,-1.2593383458913752,0.014598594140344817,-0.681304965098901,-1.0776048874061115,0
-2.0144845592546696,-2.25918252645157,-0.23638537346740612,-0.6436193956730039,-0.7454001549524474,0.6488133956185151,0.013203277402668563,0.7882133931916255,0
-1.2889394377684076,0.86090319376352,0.6154230270193581,-1.2966612852538117,0.19000078323647845,0.6502511748660113,-0.9606745111932055,-1.202136990548751,0
0.8760123309654283,-0.566901746193617,0.05843271062241714,-0.4689903197261599,-3.21395787478476,-0.8439431122406565,-0.505903311059411,-0.7050200215985162,0
-0.30728355262289875,-1.1975040104337575,1.6193920024784842,-0.7243739696834213,0.49905187616405616,2.37937761485448,1.1720628438189076,-0.5820702752927446,0
0.690496681842301,-0.8026005767978401,1.4415547230976429,0.8231427912168912,-0.10857133434961976,0.20240371601872045,-1.0500391487914802,-0.5797076316435176,0
1.2814812163078717,0.4362635193995198,2.3218352065498262,-0.0765758705999663,1.8598992991426115,-1.9054025812688797,-0.15208421090096874,0.6670165330577965,0
1.8064141727389984,-0.36570378569652623,-2.046306250676684,0.6698101345704524,-1.1257646661000424,-1.9295033504398569,2.3249310656005915,-1.0361271401810341,0
1.5193504953988057,-0.9183019792180974,1.708284503150219,0.005318277118053664,0.28152398056577493,-0.8419150323397454,0.15476319981301967,-0.5907537986686597,0
-0.029285207258958366,-0.20234019551209026,1.1893954932650699,-0.5471325057108751,0.6214385019547547,1.1013185767133409,0.20995561752318465,-0.7480037687655814,0
-0.6719906914674414,0.40229354376816806,-1.1050665717802135,0.1117281354756126,-1.143993054317898,-0.15525850050601317,0.6202031505253661,0.3455917717056347,0
-0.4515524501370551,0.18817106662029975,1.7769579476505821,1.6295483923606529,1.5961028644981528,0.1755803038863606,2.3931573768587686,-1.4834046795466838,0
-0.8673802775856184,1.070196116802658,-0.28124488730037933,0.3851531191365899,0.7516481282836148,-0.2851780452664872,0.7948765325505555,0.42037186670612775,0
0.8628739922268239,-1.5362477268613066,-0.5506764302589906,-1.9445548327195592,-0.1437396573269614,1.264062592912151,-0.21244099634128646,0.329108924446222,0
-0.5794233788837402,0.1679144512753695,-0.017767369049332363,1.54970379603839,0.21182447140904395,0.8066759170331608,-1.111573086117012,-1.2610460292028838,0
0.5658397635087182,0.3510504032225878,0.634002257596473,0.1280791298527628,-1.23509561528966,0.08215722439541286,-0.9397555476019865,-0.12089451148975962,0
-1.3805892442770156,-0.28266709208360574,1.2799926361702147,0.05220155510173586,0.22228937353452008,-0.3706227573760042,1.1529171802307057,-1.055360589883655,0
0.08824033094231999,-0.18987616006309266,0.3909194152317542,-0.4042259692656847,1.9557262984606751,-0.8397283477640219,-2.3198933312991845,0.382498998700422,0
-0.23724188435466953,0.29157157567005265,-0.48587441425314265,-1.3893640291524736,-0.4560480835276874,0.1366974724268676,-0.5847699024062023,-0.017332880598541045,0
0.08435710119384539,0.49395310580959856,1.353874666349572,0.41227838344116774,-0.8753832630064948,0.1938422458998758,-0.28159336326343415,1.0687201728983244,0
1.2339689118914983,0.8882958077734702,0.9543730897247291,-0.9121111886373615,-1.0923357210966413,-1.4471241779639,-0.6189608883493846,0.26843047519240304,0
0.8653061248048431,-1.15662478367946,-2.3594131486612495,0.8729582444188373,1.159587664751533,-1.6508972410864509,-1.4924618025254939,0.8193924549379193,0
-1.4000381134247124,-1.5429021042151163,2.0807882521690324,-1.3560232921764142,-0.548147516165536,-1.4142030776993093,-0.7345441671499631,0.16686799367433874,0
-1.2249037520280457,1.1561888687580968,-1.0097298750884112,0.8969995224966884,0.1718372383136276,0.11613229608154083,1.8458440759656938,-0.4348564081712784,0
-0.7896809135167634,0.3386193317433276,0.19297508830192275,-0.11461649805499219,0.44122254349476187,0.25198013589138585,0.3532033457410302,0.18845745348829837,0
0.9090824376903948,0.6892326903703909,0.5428180028715627,0.6266053008990086,-1.6934327097951494,-0.14801896146516413,0.8703895979498191,-2.27080535712313,0
-1.6181349683515436,0.9872559069685096,0.6470946008903921,0.5719562643185623,0.1736499603371391,0.8101870021680888,0.2826605923461057,-0.4492303611487501,0
0.9470587042680936,-0.5342073972685334,1.73824999864526,0.6816382322256136,0.585705292421467,1.7343015972235192,0.7493544115426991,0.2969324014056179,0
0.6984564557912174,0.13648141155026236,0.11543590217612694,-0.11607010752029834,-0.0335258433494496,1.0262662268899592,-1.5334173537475801,-1.2759279140413706,0
-2.010994163025527,0.8276022474142597,0.3135924721479835,1.7872824029240804,1.4589678694880799,0.492678093977995,1.3587851650750755,-0.13560940491604814,0
-0.5088292237417308,0.1833503293844149,-0.47001276978378886,0.06417339739384269,0.06596330063269841,-1.3387910643668937,2.0314706876063475,-0.28736010112555244,0
-2.1357148685758003,0.06148881610375799,0.20152997636397887,-0.37913689967475417,1.3951897631452128,-0.8201850773516481,1.1413955975536727,-0.31667580753677554,0
0.651755236001144,0.20681005119072782,0.8092386670620211,-0.40453726694803643,0.6438205058284857,1.2064250658586206,-0.4677259208425477,-1.182083321082857,0
-0.4201444833241669,0.9998660760989809,0.09715612632082106,-2.8306023661336965,0.3080731209132162,1.734640818253357,-0.7587065227682428,0.9934447053051884,0
-0.5113465681674003,2.809860817387558,0.19261280251732082,-1.700577454205808,-0.41593895469871595,1.2423513054419648,-0.8203076138139852,0.07414928378710428,1
-0.8237431875275528,-0.04468883053713649,0.002573412802022157,-0.41445893012826723,0.3934840478116497,0.4047117124507107,2.5040063744051615,-0.940902116119486,0
0.858578905235332,1.3002686236421745,0.4732009375141457,1.1533547242179556,1.6333505482830357,-0.2803554432159639,0.3531629351205239,1.1752350503990527,0
-0.28609060118931967,1.1789818888434405,-0.3116478472087541,-0.24828131351247526,-0.8653929743961154,1.7417465610677842,0.2914400424188382,0.11143144442713995,0
-0.057306012111502734,-1.0548884552799618,0.5407019214608321,-0.11514402107338402,0.5379815308241044,-0.045367834150817916,0.022428434684437237,-0.8404557722175737,0
1.5065378046523763,-0.9997981210060192,0.4478059589823055,1.2408930694181193,-0.3943333291912345,2.7648168173567527,0.9240319984947151,-0.7165066862704929,0
-1.939932566006954,0.23641647979528474,0.04385259861785467,0.3610325914031596,0.05664547240254904,-0.23842222893886134,1.0657088557758636,-0.6507516282691985,0
0.7906038691011382,1.4617415404931202,-0.6987105488895999,-0.5369282587999611,-1.2018692173517198,0.5427136957809452,-0.709075541468776,0.16532781906514304,0
-1.0717734865634632,-0.33429752467569795,-2.5605416319057897,-0.49496576355818006,0.1772508391774232,-0.1915510126552171,0.6720139258085766,0.17846377884047718,0
-0.5139007162600325,-1.543439644370914,-0.22024170401841373,0.6174963664886028,-0.6336939503223735,1.7362099418500887,-0.21642963228708179,-0.3614810723631324,0
-0.5806523559692169,0.4577878125417241,0.8992277108627637,0.8454427482795052,0.6739776965320726,0.46418960081878075,-1.3049856368464239,1.7649254233288811,1
-0.24192559491536852,0.2546040291461968,-0.08592664313941972,-0.12801935799384842,0.07568541345583164,1.3537081159009834,-0.11630361974832994,0.5097188121766026,0
0.13493869077416187,-1.4181305079358044,-0.2707206798355811,0.9542450899096445,0.0975686200427541,-1.6323445568693948,-0.9978461430593073,0.6195925290174429,0
1.3335533997699396,1.3370479969626887,-0.6687718309954267,-1.1376405158890455,-1.8284088200564752,2.159471172166123,-0.10942343935086873,-0.47000193256949807,1
-0.8795412865264824,0.08203016996130025,-0.08429135556779599,-1.397048733442342,-0.7487606038891585,-0.38035241428777566,-0.6882257637161541,-0.7536330927172841,0
-0.5904003390547962,0.8996286966781615,0.10902741386616215,0.8163320572501171,1.742164243145329,-0.2385248935825526,-1.5232513326163677,-1.0832789610076445,0
-0.7363371103178545,0.30469938868162116,1.2259429437239586,-0.8807765407636056,0.9539865980441421,-1.6710104678581157,1.4437334596598845,1.7469134031735678,0
-1.324668346575768,0.779663131000122,0.18579056889901513,-0.3533579766796379,-0.9285797397063424,-1.9916178447816522,-1.144638404460067,-2.113140683849953,0
1.6616587945987071,0.6391013974058943,2.7628327557760235,-0.5119157144327517,0.884126468134156,0.7320186690644255,0.2528691415269333,0.0016080080340360459,1
-1.5628694755608477,-1.8271631265489234,0.5637602289220945,-0.221480279694614,0.06851746218333636,-0.40829237303961463,-0.9068861710924572,-1.7361052572931457,0
1.0782017169922224,1.8366518221930057,-1.4208881706205172,-0.6943132939659713,0.6330340581720516,-1.163702361577187,0.5230626788042895,1.6446058883435675,0
-0.15249950437261206,-0.053813712535077926,-0.39427347999477275,0.2993553299014419,-0.34720313936627517,0.210815822901263,0.21100370550826072,-1.150549711164421,0
-0.42931409737846654,1.5604622544897107,-0.5754657795436517,0.10235325901940788,-0.2842461489385869,1.2550067683241006,-0.3505204495187546,-1.2917854975910172,0
0.04564535447053499,0.6208476421382755,-0.25053054780174044,0.12347831929322377,0.9908871078966477,0.756488402449017,0.687837829908599,2.0802563265915173,0
1.407968157357805,-0.5279588643885995,-1.2266585603700428,1.9223374025734365,0.888528182920669,0.5934105449570789,0.19067966295994823,-0.8378571566300873,0
-0.25097112038797176,-1.487915722235804,-0.003708674121471439,-1.163956106043797,0.27578555259577986,-0.2397865374449418,-0.9253058403143678,-1.1481246708005544,0
-1.400607212822398,0.6701466882409409,-0.15625060779270705,1.3565649075289234,-0.9992900710633417,1.7556183588051852,0.4091685375066043,0.8938555123169087,1
0.0916969167094509,-0.4363383037100587,-0.7158055347144724,0.5027859086607084,0.6938335660699314,1.9691432835681986,0.7885868476450386,0.5164856053491642,0
-1.325605326054672,0.12185575480162958,0.4521695728827362,0.06639587946413186,-0.2648841054278021,-0.8201961532974653,-1.3823007788031223,-0.032220830985729705,0
-1.046072184911314,0.18300566584487926,0.17051499273800058,0.3271758062585805,0.260590598898409,0.7962649359553118,-0.18860678087861554,0.7636593454385554,0
0.2016976201464529,0.05591460495082836,-0.6475823483365163,0.829994753721516,-0.44873874965282223,0.987946584491883,0.018578574416620895,0.7107268555213345,0
0.8872099987509806,1.4597178358525256,-0.500734811711942,-1.04041603265467,0.5590469838456359,-0.5135641153993327,-2.2499097795257623,0.2187895291305239,0
-1.1594263530069318,0.2633464804902852,1.2138766955142037,-0.21769271299019372,1.6222226527200685,-2.292295926147837,0.9995523186966536,0.17318135211280297,0
-0.3729886053566552,-1.165764768032589,0.20227965432511924,-0.69026099793017,1.4643192776012688,-0.49749140271335834,0.23955834838121945,0.6483928951546505,0
-0.1849064924542667,-1.0207649907032053,0.06752417452334389,-1.0422922576331637,-0.8094278934226365,-0.6688894800261748,0.1192221366382213,0.4028506876213933,0
1.7206081720829685,-0.41772673248270015,0.4464628268679411,-0.9700855809051829,-2.0602447554389687,-0.21193136588816344,1.2715512392352688,-0.5359515435518357,0
-0.49060855469258813,0.16773370573963792,0.3628509736034302,2.1721199150945445,-0.9219582885258625,-0.08759295954093625,0.7837104633824357,0.40360635956371216,0
-1.2364447552891937,-1.3336994677895406,-0.0505172115397042,1.0911993503199657,-2.3896580580338944,1.4868452266472922,0.7645919224071984,-0.5506595602476373,0
1.35318730476698,1.9971680392039666,-0.7974028405083641,-0.5203920796609148,-1.279869113265155,0.9403246977394456,-0.49139328398663507,-0.7058218560715198,0
-1.1636618274861252,1.8196581526582771,-0.4568491541025412,-0.2504530930569363,-0.004899619216569313,0.44093838742996805,1.3249395924908136,0.7378268547842671,0
-0.48203977241943907,-0.4227401290536036,0.06877497009965114,0.3889684624746524,1.0507600248275868,-0.9838379189818403,-0.5959854150749144,-1.8162110440118695,0
-0.12918417019642242,-1.4214754433426073,0.5221084927864885,-1.6643095418245963,-0.5640339285913563,0.5698640638131681,-0.4071454295591401,0.4307202293827294,0
0.23246674570512796,-0.08764144666767819,-0.8543648576716439,0.4296742374413396,-1.1654784933859994,1.292007675898586,-1.0352678291714768,-0.2304623829785524,0
0.12145617813257052,0.1852567925277986,-0.4745976813522256,0.366884682202281,0.36948647263858714,-1.8974568086486618,-0.2868261005103243,-0.5046897727150947,0
1.2685446480559168,1.3196355919682687,0.47868980286296203,0.9374613907399443,0.8602355150626655,1.4695626396568917,0.9015562345577354,1.2837627512074543,0
-1.0385336219666732,0.9478149598654774,-0.9440712612039914,1.06336522328984,0.3061605351973128,2.0173228561796894,-0.2614593194148524,1.0109416390143278,0
1.1359463773413123,0.13490345478091026,0.269604583184933,-1.2699420541143647,-0.11335480499645338,0.6035928981494979,-1.1727004989260195,-1.280566446726097,0
1.2246804166127443,1.5629565701910084,0.699810995482777,-1.0673651754997524,-1.5594257003908099,0.4289192417302546,0.9327352898379683,-1.2271488410627334,0
0.6827947187428257,-0.10065333767534393,0.17334296691983972,1.576078632347388,0.22237609518695126,-0.3086893655508837,0.18770925486047724,2.0665937949487345,0
0.865296385951169,-0.14757264189240835,-0.677150597126124,-0.9225055654964338,0.312170784940027,0.17649166329703056,0.30506499111780006,0.12486981936824396,0
-0.006343639960363967,-1.5514958273393629,-0.36828246792678065,0.9370180204496267,-0.565847893492304,0.3131795076917731,-0.3666934263850007,1.3626585286093842,0
-0.19050398328672125,0.4575370226088976,2.056281672009742,1.8284638767872976,-0.25506077925730086,1.7107422803035908,0.28188658980640613,1.3174666102027812,1
0.05824253085722456,0.3957388359524761,0.07530262576483616,0.5304203053412958,-0.8008632727594212,-0.537218564547757,0.8146329962195648,-0.6618215210198635,0
-0.849337808900162,2.232730635637329,2.0335351790931067,0.5796320743477308,0.7289741848865484,-0.28358574312202933,-0.45355251163745935,0.31125156219582417,1
0.657594320664985,0.2707473180101697,1.832083771016358,0.6579854259201093,-1.475053101362191,1.2796660642646243,-0.28445059468035827,-0.2704357415785771,1
0.10988759385202457,-0.8683657183759688,0.13375789511389022,-1.372853885587643,0.2599825760163363,-1.4283482259783113,1.318248696251411,-1.6130244525510837,0
-0.3524572500157099,-0.8321768465355466,-0.3528894545773641,0.3027423800370271,1.0311745704009656,1.2832995627812136,0.604711817066044,-0.6731020852087004,0
-1.3040612031966035,1.208304582002563,2.1014180017924415,-2.7506068156820596,-0.8145499455668374,0.8162838316509111,-1.3517726693801004,-0.12381915427125213,0
-1.4719747659140094,0.8126865415482515,-0.3113035013610051,1.9836897076109112,0.029861762328992472,0.027714609074087168,0.47616526936333636,0.4536703481230713,0
-1.2819311185944904,-1.0935111475109238,-0.15159898509328176,0.025078306779897242,-2.2681667095549956,0.523393100222791,0.6949967430178332,-0.007272762506318629,0
0.13975740570261647,-0.5585783136977112,-0.3853185091600573,-1.3692030447875931,-0.6149225170350849,-0.5033942461241387,1.023147332978873,-0.4322789221114407,0
-0.32380320953674435,1.147425557421824,-0.6664677059211186,-0.7179159404283303,0.2634440376177972,1.0215206950732558,0.9245451583292693,-0.435382759066781,0
-0.8087056581850959,-0.9317206190015608,-0.1666005103201439,0.2899680717579367,2.5518662297230326,-0.05472199813631218,-0.20707044125366286,-0.8713935746180703,0
2.1922408540376814,-0.07357226405418338,1.858722346263189,-0.49879906021310894,-0.8908958689874779,1.7663935431466455,-0.4007248957601518,0.9890816818516935,1
-1.2927732291396137,-0.25696314614032917,0.6899472081724973,-0.22954537670574995,-0.5456054983889547,0.5803565401805676,-0.17100970983282857,1.4337932665254476,0
0.6972315676938831,-1.0216142519505147,0.051651296685755244,1.477989877283635,-1.2938443681550291,-0.5020951439036342,0.05382695143846585,-0.8441116021096113,0
-0.9732427961985909,-0.570644424910311,-1.320175525919507,1.6459100072312463,-0.35668916871300493,-0.6696115514344056,0.9419692886915947,0.4369048675907132,0
0.1613352117316546,-0.42475043248273275,-1.74101715550973,-0.8710511240332228,0.524118570030744,-0.9396562914528593,-0.25395064301374176,-0.5376734920130157,0
-1.0905757426555056,-0.5570662500049672,0.7179672943934383,-0.44635008474952814,0.9789935461754637,1.5172113439221675,-1.1482526951940333,-0.12881038051585486,0
0.6904859311895162,-0.5185682945245196,0.6237528896314716,0.11538805426557788,-1.0569068278479616,0.20371962573474361,0.824914577287019,-0.3619321594167605,0
-1.3930076386584358,0.6849789863818833,0.92168262565411,-0.5800372250114731,-0.4755246165020981,0.5127995571343156,0.3888971102903831,1.6594427281803155,0
-0.6928144143618793,-0.6780901432974273,0.6500009673452242,0.9460376933076737,0.17763150273542777,-0.1398490848815369,1.013690453650014,0.4256141840384412,0
0.533888417861014,-0.5193642687360813,0.18871181552542424,1.2243683366648788,0.9459519871546955,-0.5748784722420177,-0.7787982546227097,-1.5948633714072502,0
-0.21934334292605942,0.8316149833966655,-1.6946754712094108,-0.5641634226497612,-1.0608282943387375,0.3938032342566888,-1.1443804810266198,-0.10437239893949107,0
-0.9495039972000554,1.3470735741533906,-0.039646499225861456,-1.344739836576176,-0.42866621738512506,0.720666303273069,1.3598664684748585,1.5048703860211015,0
-0.241937714186267,0.39383657279682033,1.3069668176864133,0.15897956381336142,1.6332532907426,1.9473700528961615,-0.19370584529151866,0.7432019356781734,0
-0.47696530603368603,1.2366219736530821,0.8195772521116472,-0.30874334283132837,0.08927899908021053,1.352977218105734,-0.5481206116722641,1.9729262750106338,0
-0.43704242912390556,-0.3243819434901029,1.0790346635875363,-0.35674602791281323,0.7880401060862492,0.938255671205897,-0.19312167065765778,0.3439319732760034,0
-0.4120309600615919,1.0313786301161603,-0.6216937821322787,0.290783363849604,1.3533301764604597,0.3142907983145699,-0.8803183382277591,1.0229697239406517,0
-1.3282137909437886,0.5279792388849563,-0.295769610275845,0.7462460116742944,1.015462789492484,1.6606086279821857,0.3890747531349825,1.6705423623182138,0
0.6854370218296107,1.0916536569646833,-1.206218761681363,0.3587985467849699,1.9093403206839765,0.26776164427378685,-0.5665507119588775,0.26201278256789284,0
0.09328785349890731,-0.04853232339716676,-0.4947173536453243,-0.29514655765252085,-0.5196806212186836,-1.1821241277335324,0.324977265791491,1.3830402448867287,0
-1.3250107485623608,-1.0903989629892183,-0.6602160005945922,-0.3514149349769059,-0.5134810584213976,0.30193150249207074,-0.47613437924276586,0.5855250950076609,0
-0.4654363509888554,-3.1881949740054454,1.3427040549268787,0.5370168143497154,-3.348270764037539,-0.21584436652164504,0.6555053920003275,-0.14601733375156442,0
0.9492789603362117,0.23496121582601473,-2.3562825295958043,-2.4473048364913943,1.114820952221227,1.74824273282637,-0.6580933822791115,0.44543268174511824,0
0.08834921777897549,-0.22057079173503297,-0.6968732993799327,0.219048829011853,-0.7565506601992663,-0.12883737025624875,-1.0363645976825986,-1.745525453526736,0
0.11272399570685322,-0.18945249962150607,0.5223696497404853,0.24997514846255667,0.17079021307461048,-0.42625220633235417,-0.2698606611238248,0.550800458572889,0
-0.8000042384349405,0.619678973336624,0.31233765132585184,-0.3967589995946969,-0.4850636392072719,-0.002127998980735818,-0.540577128710685,0.5991089767611656,0
0.8013312991436579,0.5215528648709286,0.5735735086059072,-1.4908019471438236,1.540819017167225,1.3291449724605153,0.2674513103896557,-0.26070031899011187,0
-1.1691128392033217,0.019173887620403215,0.06663036325796533,0.33051925927904324,0.30929896119289935,-1.262836777893048,0.5132030817900811,-0.6437753273849357,0
0.08251274824008498,-0.41320042339830587,-0.4617704749570898,-0.7155988326275443,-0.1877521335308961,-0.7680902396072514,0.4109128954273007,1.518993966449341,0
0.897176791669225,0.7657029552558314,-0.6357992575075847,0.18536803397654392,0.9737720624765557,0.2815443376182237,0.22097129202752078,0.2467814265039534,0
0.048070981937134806,-0.82410280627002,-0.7718939266069073,1.7588097195456434,-0.11348709172792082,-0.4851187062002847,-1.3334492848854955,1.114039783381208,0
0.39645676998210405,0.2468076699778346,-0.22497266527284032,-0.6048498730421801,0.2542731785061934,-2.0238409064759875,-0.10373379432398724,0.2889247253756796,0
-0.6174176987598322,-0.676927590907577,-1.0148025188235041,-0.10075553845551628,0.32229252155493604,1.2358876225097237,1.308687622576956,0.9150059364469013,0
0.12163800038143122,-0.7202161333529855,0.5343168849204095,0.008303949024216743,0.6248256533756369,1.8489698718187668,0.16582117966512508,-1.076146087838738,0
-1.480180006054282,1.210691449836922,0.7311197925701882,-1.5136707896597639,-0.0031717246551111002,-1.4983115348933271,-0.659836510310944,0.3951538040276365,0
0.18895578551344977,1.312094070638185,-1.4411116024093016,-2.3025642899510195,1.658105189551957,0.16234335857190513,0.25167757720680806,0.2122049759511022,0
-1.014158249116104,-1.9858554269401458,-0.605659675431806,-1.2120534369309928,-1.7220037198525113,-0.22556374812774166,-0.9529778650373611,1.1710788196331217,0
2.2841890466407078,1.476560360744654,0.5349415916181901,1.7209832847428874,-2.3120425557318502,2.4767284782037646,-0.3979313018921886,0.4742397934515812,1
1.3751700080517382,1.2552377404608164,1.5099680038324261,0.6763190346033754,0.9586701591689045,1.3530360896371094,-0.5848208018595202,-0.9850308570177778,1
-1.408621519835432,-0.370452000609294,-0.028473148725459894,-0.2385668260652846,-0.25432922496743793,1.08437473311443,1.305585064936514,-0.8102009660144404,0
-1.9433693992287908,0.6382289603274174,-1.0446974286688546,-0.9755222656937966,-0.5348399925301397,1.5895817100656073,1.407183896733332,0.3676692766895176,0
-0.23461132053061942,1.4229086035979062,0.8119145531057222,-1.1185853926868807,1.3419490068040947,-0.5982961339386734,-0.48838104279268174,-0.18209459142173304,0
-0.16678840884491497,-1.1511911139036919,1.9900815761752348,-1.6018516831175136,-0.09582930509699623,-1.422834576612706,1.2563242156213958,-0.4382783046141673,0
0.3707451928627384,-0.6534489064547213,-0.6126372594157693,-0.5420330539697732,-0.1599311784023194,0.3593741063228561,0.023933828201544573,-1.088926344763102,0
1.3504070791072356,-0.03978964308271512,-0.3966200297889908,0.1464251851054751,0.0715537468249637,0.3056470908681922,0.12714306545468823,0.9129383869143531,0
-0.5432761684134192,-0.08141167268367708,0.1604051862314683,0.4597534602817705,2.093607977929598,0.09034322346651415,-0.5002062870849816,0.6646815096894984,0
1.3014824689918898,-0.4848645881757671,0.49929064415871377,-0.2039281161061212,1.6828247913761751,0.5761831997004232,-0.7242774804544919,-0.18151391752718538,0
0.019406335944839048,1.4154929206201912,-0.404192466213776,-0.06398837994728639,0.9712842393018846,-1.6605002736866417,1.3827335131369882,3.297385345024898,0
0.2901906496302108,0.5538416489986968,1.0540805114773146,0.15319284563803193,-0.007977968968346849,-0.3253364451935716,0.93984585829076,-0.9499330040367454,0
0.07095879660104563,0.8020641288069376,0.4521975567472744,-0.16709479494334847,-0.8649676569770784,0.25245576049626245,-0.2271622486178761,-0.8056528358312447,0
-1.2661518624220536,-1.444177645321863,-0.6557942499920971,-1.0090845014946777,-0.22218617943408975,-0.7303451550288854,-0.4546129486600902,-0.967093467933506,0
1.3262313153636611,-1.0545438475104103,1.168004355324604,0.17334728421934684,1.2416764646383598,-1.5344237104832197,0.8467574282559214,-0.22635005073679673,0
-0.7543213027004206,-0.9615053751458048,-0.9995863503520931,0.6113724234158393,0.3613823106273192,0.05737620931565914,0.9552814338431277,0.048418756370980684,0
-0.5103094699441193,-0.0720626573237211,-1.8056188448606105,-0.047635282314927856,-1.436539911829768,0.20193526091560451,-0.6535256439006673,0.3393876694816107,0
1.408520974717595,1.5519790880100823,0.4366012731936051,0.5260886070055072,-0.0004840475293343416,1.2587757999796578,-1.335187524620031,1.0863777468540983,1
1.0419791754806111,-0.022061832728333286,-0.956063597058231,1.1939046812125653,1.091212369052987,-0.0030767243395403154,-1.6611161767313392,1.7340911628506026,1
0.8852457277865349,0.9087995524163404,0.29307986757075777,0.3133615117498645,-0.6380940203470621,2.216816078664955,-0.4596990025552105,-0.9068184566121619,0
0.8079653756031057,-0.42496481633402455,-0.5491466977440759,1.4001005503492567,-0.48165406504336733,1.3382508224823915,0.3509049474008512,-1.1860369002047757,0
0.04356993436534646,-0.31614466933830154,-0.2952579503844015,0.18121882385895677,-1.9551856853864429,0.01737168136105751,0.8762508258931174,0.3799944845580255,0
-0.5626190004754748,1.1896602805440994,0.31457198194727726,0.5641828917517006,0.09186431967143113,1.5846245552969096,2.0075865824046795,-1.7879109263607296,0
-1.4104490137169916,-0.26591727912059,-0.5597229671596088,1.576976095671862,-0.1396408794665496,-0.25118750358081127,-1.6820736264125382,0.06285198574732215,0
0.6614370766683823,0.7147317897775456,-1.273411121780271,0.14873772799648563,1.720140425055384,1.4894199030753121,0.7722951276011139,0.9156735709578153,0
-1.1609457153205345,-1.1457221890034273,-0.38781493899731745,-1.004673096057659,-1.9508380662227758,-0.3371723480874533,0.987852645669169,0.40202855263009507,0
1.031631121289268,1.560492028670784,0.9274020899219642,-0.4120148413837601,0.059184689816570435,0.7995941124744383,-0.3619127970700984,0.5161459797112583,1
-1.3708516985050065,0.5699055116808941,-1.2075936208921405,0.48581054366330145,-0.019591308191630588,-0.5536670989576382,-0.033317982293055756,0.1633044642399175,0
-0.25841975866504246,-0.46919374241386436,0.5113548568300819,-1.0725382574875109,-2.5529229795998503,-0.7240196735745376,0.3556978677530881,1.0074640975653433,0
0.5858195473693786,0.6844516977709338,1.0487508641135355,-1.491346063258152,-1.48433819874773,-0.7949551966876213,0.6513778167250166,-0.7265114281675125,0
0.31580489052903127,-0.8748628511192011,0.12686174087631416,0.03055763048464928,0.7285802115040397,0.04342026313778875,0.4574507174762125,0.5799423408101384,0
-1.690126033905189,0.7736386191057042,1.7161545757151637,-1.3538516305749857,-0.587461288052895,1.5360641385848126,-0.6272072877377879,0.25691927995089126,0
-0.49131788205585225,0.0719492292586683,-0.021705505724155652,-1.628163838736929,-0.8734582216300343,0.3778337421619108,-1.3002448452280693,-0.09675541115819679,0
-1.6268405694726449,0.4152461377119288,0.2277213139250481,-0.45285763502171694,0.2503744409496464,3.093710250413615,-0.7601881669608804,-1.1104419811868782,0
-1.8769897990460012,-0.22229018806676965,1.8083915935856139,-0.9133628245422406,-0.08992213519139576,0.9560128082155768,0.039072886196133666,-0.9467487455031133,0
-1.056559702311176,-0.4030058450015356,-0.6702025445099458,-1.3729657494604721,-0.2280739965511478,0.020860197072792793,0.5681623212328317,1.8877771001850472,0
-0.7111623732108588,1.29583367542609,1.5649900524781477,0.18082672610402226,-1.1611264244828412,-0.840973768374087,-0.31768397357086475,1.9181674243733537,0
0.5342645903427585,0.024081840267238384,-0.667443432142713,-0.3875249827472771,1.7526603877935765,-0.36359260616432787,0.7047056482152348,-1.1528323281567434,0
1.032566992979262,0.8165466095614381,-0.4582308993800417,-1.275574208388191,0.2050653804031834,-0.3046257652842204,-1.029494962769565,-0.12693370539054222,0
2.2863479542660086,-0.055376855539185296,-1.0442776750087432,0.8089347026246919,-1.4897766555598957,0.4467496951294159,0.6854658113330648,0.10475821939223756,0
0.06405142814739864,-0.86929774176852,-2.467544840254659,0.9798523402265068,-0.37936182997353857,0.6067272239520219,0.9617446708738356,0.2919729500852979,0
0.1878752669153945,-1.2666775887132087,-0.26467612594267037,-0.4769662678333918,-0.39830882198587636,2.573106903400484,-1.4308909574437496,1.0437151903076174,0
-0.30990001679357204,-1.0117816959046202,-0.39722053142271635,-1.052871462549911,-0.30784678418668,-2.140909675129599,-0.9523112064352672,0.3199220128602953,0
-1.3354951275815072,-0.628784869375608,0.8191918567369918,0.9442474964647211,-0.09365784442713812,-0.22157428878271482,-1.2455612541121557,0.037585662044547816,0
1.3415671237153879,0.2128345318342039,-0.1207667540325984,-1.9383628020987498,-0.5859964766908279,-0.3428499953525786,0.29367638698976245,-0.3234861706360337,0
0.15998522799811216,-0.9174520314830641,1.1436910629442871,-0.7110802095257513,-0.96290702222301,0.7824150014232315,0.025565950683353246,0.2649981011476391,0
1.1557367970225088,0.3599692609627382,-1.6567365507384355,0.5678451708761643,-2.0873483892761406,1.0444498552555632,0.26455525987879824,1.0976667930614192,0
0.426833209560956,0.01360867105867103,1.301653580717606,-1.1917563536181763,-0.8350624861115574,-0.3700197206254056,0.5245672953708751,2.2575280173609387,0
-0.5247253800001945,1.7392106281724486,0.4907465665212539,0.7400087342795854,-1.1269265520724385,0.1970507344424295,-1.4451822420655933,0.8522888752126233,1
0.5378825713218128,-0.6621553638406182,-0.9869721813309428,-1.091810160466873,-1.8684017371057584,-0.4455858312248713,0.17237564149007492,0.4303114844556162,0
1.1704269872053,1.6214188730382322,1.1224307431030285,1.7526086169518171,2.475321922127854,0.6769129697926656,2.1932195846479443,-0.6976885041101056,1
1.0536840538173808,-0.9989863443482215,0.8196101987465809,-1.8269916582651635,-0.928358040277092,-0.9008737586650932,-0.5718370322938661,-0.7502656341751629,0
0.7561125415261094,2.874656471183453,-0.38656097444928417,-0.37861535067587315,0.047655638048479554,2.4533775905194593,-1.368180238293587,0.21186429955776742,1
-0.8681937497990937,-1.65051278223447,2.1061365074577227,0.27732235030185076,-0.40402951291021416,-0.4109687313124769,-0.005443998452776453,1.3958322536513208,0
-0.6230237980465662,1.6420327260101288,-0.8840159976238459,0.6981481791481063,-1.5246176465160102,-2.311002398842441,0.5576093532176926,-0.6162606936511421,0
-1.4852641001603653,-0.32632302395644464,-0.9690052758609778,0.6376582217502873,0.1803677071194836,-0.8833881699841796,-0.03501312913142067,0.2795941165432078,0
0.8339893552058373,-0.8429904889270193,-0.4740995659904825,-0.24326245744701797,-0.4465694064713527,0.43165619343162187,0.20205659616005736,1.6676344440259483,0
-1.3146561712109075,-1.2034111818582096,0.11824412999665355,-1.1253495818133774,1.1752526002546468,-1.3486569213807424,0.3124371663455902,-1.5221205818703747,0
0.22440306229039536,-2.32244761787735,1.9017727397538198,0.3684039773583633,0.18172292077846594,1.6938030176510055,-1.281850045458047,-1.1620165389833346,0
1.5620771818648789,1.8793478036414089,-1.0145812359598336,-1.4219191851003743,0.9678030292917671,0.8071294295354472,-1.7235594402277783,0.7062352414395896,0
